"","Year","County","Per Capita Cost"
"1",2007,"Anderson",10750.36
"2",2007,"Andrews",10365.06
"3",2007,"Angelina",10695.55
"4",2007,"Aransas",9321.86
"5",2007,"Archer",11752.39
"6",2007,"Armstrong",8625
"7",2007,"Atascosa",10521.43
"8",2007,"Austin",10255.93
"9",2007,"Bailey",11328.89
"10",2007,"Bandera",8404.27
"11",2007,"Bastrop",10331.24
"12",2007,"Baylor",12531.98
"13",2007,"Bee",13155.79
"14",2007,"Bell",9687.13
"15",2007,"Bexar",9954.28
"16",2007,"Blanco",8892.31
"17",2007,"Borden",9047
"18",2007,"Bosque",8173.43
"19",2007,"Bowie",10791.44
"20",2007,"Brazoria",12178.56
"21",2007,"Brazos",10500.38
"22",2007,"Brewster",6536.67
"23",2007,"Briscoe",10949.63
"24",2007,"Brooks",13747.96
"25",2007,"Brown",10451.11
"26",2007,"Burleson",10821.31
"27",2007,"Burnet",9897.7
"28",2007,"Caldwell",11921.86
"29",2007,"Calhoun",11328.58
"30",2007,"Callahan",10260.95
"31",2007,"Cameron",11822.73
"32",2007,"Camp",10481.28
"33",2007,"Carson",9616.72
"34",2007,"Cass",10861.48
"35",2007,"Castro",11491.72
"36",2007,"Chambers",12678.88
"37",2007,"Cherokee",11046.55
"38",2007,"Childress",9873.59
"39",2007,"Clay",11882.81
"40",2007,"Cochran",9724.7
"41",2007,"Coke",9548.68
"42",2007,"Coleman",10202
"43",2007,"Collin",10937.07
"44",2007,"Collingsworth",14841.25
"45",2007,"Colorado",11965.12
"46",2007,"Comal",9306.85
"47",2007,"Comanche",9843.87
"48",2007,"Concho",11883.08
"49",2007,"Cooke",10917.2
"50",2007,"Coryell",9692.45
"51",2007,"Cottle",11461.11
"52",2007,"Crane",13239.27
"53",2007,"Crockett",10418.97
"54",2007,"Crosby",11587.01
"55",2007,"Culberson",13331.9
"56",2007,"Dallam",9705.45
"57",2007,"Dallas",12273.98
"58",2007,"Dawson",10827.35
"59",2007,"DeWitt",10966.02
"60",2007,"Deaf Smith",9323.99
"61",2007,"Delta",10615.71
"62",2007,"Denton",10811.43
"63",2007,"Dickens",11998.51
"64",2007,"Dimmit",12613.28
"65",2007,"Donley",10647
"66",2007,"Duval",14394.05
"67",2007,"Eastland",11044.7
"68",2007,"Ector",10184.51
"69",2007,"Edwards",7301.15
"70",2007,"El Paso",9694.14
"71",2007,"Ellis",10804.65
"72",2007,"Erath",9483.53
"73",2007,"Falls",10916.76
"74",2007,"Fannin",12340.03
"75",2007,"Fayette",10390.58
"76",2007,"Fisher",10236.94
"77",2007,"Floyd",11580.18
"78",2007,"Foard",15111.44
"79",2007,"Fort Bend",11421.73
"80",2007,"Franklin",10035.13
"81",2007,"Freestone",10204.99
"82",2007,"Frio",11049.09
"83",2007,"Gaines",11233.45
"84",2007,"Galveston",13543.86
"85",2007,"Garza",10778.31
"86",2007,"Gillespie",8323.57
"87",2007,"Glasscock",10646.38
"88",2007,"Goliad",11085.98
"89",2007,"Gonzales",10517.28
"90",2007,"Gray",10956.11
"91",2007,"Grayson",12171.39
"92",2007,"Gregg",10857.79
"93",2007,"Grimes",10810.67
"94",2007,"Guadalupe",9799.45
"95",2007,"Hale",10911.26
"96",2007,"Hall",9197.65
"97",2007,"Hamilton",8928.32
"98",2007,"Hansford",10588.11
"99",2007,"Hardeman",11944.31
"100",2007,"Hardin",10940.92
"101",2007,"Harris",12690.02
"102",2007,"Harrison",10043.17
"103",2007,"Hartley",13957.95
"104",2007,"Haskell",11471.51
"105",2007,"Hays",10106.15
"106",2007,"Hemphill",7100.35
"107",2007,"Henderson",10473.94
"108",2007,"Hidalgo",12198.14
"109",2007,"Hill",9772.17
"110",2007,"Hockley",10890.66
"111",2007,"Hood",10306.48
"112",2007,"Hopkins",11248.04
"113",2007,"Houston",10362.94
"114",2007,"Howard",10467.25
"115",2007,"Hudspeth",7308.53
"116",2007,"Hunt",12286.87
"117",2007,"Hutchinson",10122.15
"118",2007,"Irion",9001.8
"119",2007,"Jack",10617.32
"120",2007,"Jackson",12717.8
"121",2007,"Jasper",11105.59
"122",2007,"Jeff Davis",6592.39
"123",2007,"Jefferson",11895.74
"124",2007,"Jim Hogg",15626.04
"125",2007,"Jim Wells",13858.89
"126",2007,"Johnson",11302.66
"127",2007,"Jones",10878.06
"128",2007,"Karnes",12403.29
"129",2007,"Kaufman",11471.2
"130",2007,"Kendall",8880.11
"131",2007,"Kenedy",17960.55
"132",2007,"Kent",11767.69
"133",2007,"Kerr",8963.19
"134",2007,"Kimble",10987.77
"135",2007,"King",13118.59
"136",2007,"Kinney",8771.89
"137",2007,"Kleberg",12390.3
"138",2007,"Knox",11993.77
"139",2007,"La Salle",10352.01
"140",2007,"Lamar",10991
"141",2007,"Lamb",9089.78
"142",2007,"Lampasas",12856.87
"143",2007,"Lavaca",12121.48
"144",2007,"Lee",11359.67
"145",2007,"Leon",9780.88
"146",2007,"Liberty",13625.66
"147",2007,"Limestone",10824.06
"148",2007,"Lipscomb",8970.76
"149",2007,"Live Oak",10509.61
"150",2007,"Llano",9967.39
"151",2007,"Loving",8035.79
"152",2007,"Lubbock",11087.51
"153",2007,"Lynn",14668.67
"154",2007,"Madison",11916.12
"155",2007,"Marion",10916.6
"156",2007,"Martin",13097.68
"157",2007,"Mason",7998
"158",2007,"Matagorda",12234.74
"159",2007,"Maverick",12457.33
"160",2007,"McCulloch",10841.11
"161",2007,"McLennan",9799.74
"162",2007,"McMullen",10167.67
"163",2007,"Medina",9884.07
"164",2007,"Menard",9624.13
"165",2007,"Midland",9190.77
"166",2007,"Milam",11279.55
"167",2007,"Mills",9025.35
"168",2007,"Mitchell",12563.77
"169",2007,"Montague",10810.17
"170",2007,"Montgomery",11431.41
"171",2007,"Moore",10128.91
"172",2007,"Morris",11267.44
"173",2007,"Motley",10318.25
"174",2007,"Nacogdoches",11055.54
"175",2007,"Navarro",11084.82
"176",2007,"Newton",11689.08
"177",2007,"Nolan",10579.63
"178",2007,"Nueces",11227.88
"179",2007,"Ochiltree",9423.99
"180",2007,"Oldham",7477.1
"181",2007,"Orange",11550.79
"182",2007,"Palo Pinto",11226.01
"183",2007,"Panola",11267.04
"184",2007,"Parker",11511.68
"185",2007,"Parmer",10003.26
"186",2007,"Pecos",9999.7
"187",2007,"Polk",9414
"188",2007,"Potter",10242.92
"189",2007,"Presidio",7409.78
"190",2007,"Rains",11096.09
"191",2007,"Randall",9333.9
"192",2007,"Reagan",14574.95
"193",2007,"Real",10025.61
"194",2007,"Red River",10634.53
"195",2007,"Reeves",9615.53
"196",2007,"Refugio",14110.64
"197",2007,"Roberts",8881.53
"198",2007,"Robertson",11417.08
"199",2007,"Rockwall",11147.34
"200",2007,"Runnels",11153.31
"201",2007,"Rusk",11167.92
"202",2007,"Sabine",9818.55
"203",2007,"San Augustine",10722.97
"204",2007,"San Jacinto",12530.47
"205",2007,"San Patricio",11566.95
"206",2007,"San Saba",10693.35
"207",2007,"Schleicher",11391.63
"208",2007,"Scurry",10484.53
"209",2007,"Shackelford",11521
"210",2007,"Shelby",10132.2
"211",2007,"Sherman",10098.3
"212",2007,"Smith",10741.89
"213",2007,"Somervell",10639.24
"214",2007,"Starr",12691.98
"215",2007,"Stephens",11219.8
"216",2007,"Sterling",10130.34
"217",2007,"Stonewall",13374.29
"218",2007,"Sutton",9959.38
"219",2007,"Swisher",11406
"220",2007,"Tarrant",11846.44
"221",2007,"Taylor",11102.55
"222",2007,"Terrell",5704.64
"223",2007,"Terry",11648.85
"224",2007,"Throckmorton",14898.1
"225",2007,"Titus",11016.74
"226",2007,"Tom Green",10170.13
"227",2007,"Travis",10337.58
"228",2007,"Trinity",10766.8
"229",2007,"Tyler",10947.54
"230",2007,"Upshur",10484.65
"231",2007,"Upton",16885.27
"232",2007,"Uvalde",10586.22
"233",2007,"Val Verde",9935.53
"234",2007,"Van Zandt",10657.99
"235",2007,"Victoria",11899.03
"236",2007,"Walker",11851.84
"237",2007,"Waller",11979.5
"238",2007,"Ward",10013.14
"239",2007,"Washington",9916.79
"240",2007,"Webb",11663.49
"241",2007,"Wharton",12773.68
"242",2007,"Wheeler",15088.59
"243",2007,"Wichita",12164.35
"244",2007,"Wilbarger",12715.77
"245",2007,"Willacy",12497.73
"246",2007,"Williamson",10040.91
"247",2007,"Wilson",9420.91
"248",2007,"Winkler",11825.57
"249",2007,"Wise",12538.51
"250",2007,"Wood",9901.54
"251",2007,"Yoakum",11216.32
"252",2007,"Young",12251.46
"253",2007,"Zapata",11891.87
"254",2007,"Zavala",12809.46
"255",2008,"Anderson",8673.25
"256",2008,"Andrews",8427.22
"257",2008,"Angelina",9562.1
"258",2008,"Aransas",8783
"259",2008,"Archer",8401.34
"260",2008,"Armstrong",8396.7
"261",2008,"Atascosa",9684.33
"262",2008,"Austin",7662.26
"263",2008,"Bailey",8124.52
"264",2008,"Bandera",7740.99
"265",2008,"Bastrop",8826.5
"266",2008,"Baylor",8981.16
"267",2008,"Bee",10018.56
"268",2008,"Bell",7301.51
"269",2008,"Bexar",9508.56
"270",2008,"Blanco",7057.05
"271",2008,"Borden",7279.67
"272",2008,"Bosque",7270.82
"273",2008,"Bowie",9087.55
"274",2008,"Brazoria",9916.26
"275",2008,"Brazos",8555.26
"276",2008,"Brewster",6528.87
"277",2008,"Briscoe",7688.73
"278",2008,"Brooks",11581.12
"279",2008,"Brown",8415.9
"280",2008,"Burleson",7779.79
"281",2008,"Burnet",8059.5
"282",2008,"Caldwell",9276.63
"283",2008,"Calhoun",8643.18
"284",2008,"Callahan",7917.43
"285",2008,"Cameron",11856.32
"286",2008,"Camp",9166.97
"287",2008,"Carson",8541.89
"288",2008,"Cass",8928.26
"289",2008,"Castro",10132.37
"290",2008,"Chambers",10668.5
"291",2008,"Cherokee",9629.49
"292",2008,"Childress",7613.15
"293",2008,"Clay",9039.17
"294",2008,"Cochran",10485.37
"295",2008,"Coke",7879.21
"296",2008,"Coleman",7746.94
"297",2008,"Collin",9609.2
"298",2008,"Collingsworth",10787.13
"299",2008,"Colorado",9811.36
"300",2008,"Comal",8214.56
"301",2008,"Comanche",7845.75
"302",2008,"Concho",8972.83
"303",2008,"Cooke",9657.9
"304",2008,"Coryell",6936.88
"305",2008,"Cottle",8032.45
"306",2008,"Crane",9922.23
"307",2008,"Crockett",7856.75
"308",2008,"Crosby",11055.77
"309",2008,"Culberson",10514.92
"310",2008,"Dallam",9182.9
"311",2008,"Dallas",11247.31
"312",2008,"Dawson",10681.49
"313",2008,"DeWitt",9531.51
"314",2008,"Deaf Smith",8061.88
"315",2008,"Delta",9053.74
"316",2008,"Denton",9944.49
"317",2008,"Dickens",10391.36
"318",2008,"Dimmit",10509.95
"319",2008,"Donley",8691.99
"320",2008,"Duval",13772.96
"321",2008,"Eastland",8657.78
"322",2008,"Ector",9289.1
"323",2008,"Edwards",6192.26
"324",2008,"El Paso",8414.97
"325",2008,"Ellis",9773.44
"326",2008,"Erath",7187.09
"327",2008,"Falls",9348.35
"328",2008,"Fannin",9658.26
"329",2008,"Fayette",8057.47
"330",2008,"Fisher",8084.03
"331",2008,"Floyd",9591.54
"332",2008,"Foard",7261.97
"333",2008,"Fort Bend",10379.53
"334",2008,"Franklin",8984.19
"335",2008,"Freestone",7796.57
"336",2008,"Frio",9729.91
"337",2008,"Gaines",9082.05
"338",2008,"Galveston",10629.82
"339",2008,"Garza",10595.81
"340",2008,"Gillespie",6522.59
"341",2008,"Glasscock",7412.08
"342",2008,"Goliad",9141.88
"343",2008,"Gonzales",8588.45
"344",2008,"Gray",9499.22
"345",2008,"Grayson",9613.12
"346",2008,"Gregg",9301.12
"347",2008,"Grimes",9040.78
"348",2008,"Guadalupe",8681.66
"349",2008,"Hale",8544.27
"350",2008,"Hall",8770.44
"351",2008,"Hamilton",8937.21
"352",2008,"Hansford",8642.13
"353",2008,"Hardeman",10790.06
"354",2008,"Hardin",9423.57
"355",2008,"Harris",11693.35
"356",2008,"Harrison",9141.07
"357",2008,"Hartley",9334.8
"358",2008,"Haskell",8559.84
"359",2008,"Hays",8524.7
"360",2008,"Hemphill",7172.04
"361",2008,"Henderson",9422.98
"362",2008,"Hidalgo",14525.91
"363",2008,"Hill",8378.51
"364",2008,"Hockley",9509.01
"365",2008,"Hood",7523.25
"366",2008,"Hopkins",8906.48
"367",2008,"Houston",8177.83
"368",2008,"Howard",8087.99
"369",2008,"Hudspeth",6186.49
"370",2008,"Hunt",10347.45
"371",2008,"Hutchinson",8883.93
"372",2008,"Irion",6094.49
"373",2008,"Jack",10828.11
"374",2008,"Jackson",9872.98
"375",2008,"Jasper",9700.48
"376",2008,"Jeff Davis",5276.8
"377",2008,"Jefferson",10167.79
"378",2008,"Jim Hogg",13307.86
"379",2008,"Jim Wells",12695.54
"380",2008,"Johnson",9895.22
"381",2008,"Jones",8536.14
"382",2008,"Karnes",8772.59
"383",2008,"Kaufman",10303
"384",2008,"Kendall",7761.79
"385",2008,"Kenedy",11722.13
"386",2008,"Kent",7021.88
"387",2008,"Kerr",7068.27
"388",2008,"Kimble",6769.79
"389",2008,"King",7418.05
"390",2008,"Kinney",7231.09
"391",2008,"Kleberg",10039.6
"392",2008,"Knox",8448.67
"393",2008,"La Salle",9312.74
"394",2008,"Lamar",9888.99
"395",2008,"Lamb",8893.52
"396",2008,"Lampasas",8334.15
"397",2008,"Lavaca",8754.06
"398",2008,"Lee",9107.12
"399",2008,"Leon",7744.67
"400",2008,"Liberty",11858.22
"401",2008,"Limestone",8580.39
"402",2008,"Lipscomb",6731.04
"403",2008,"Live Oak",9039.2
"404",2008,"Llano",7495.64
"405",2008,"Loving",21231.95
"406",2008,"Lubbock",10468.74
"407",2008,"Lynn",10579.95
"408",2008,"Madison",9079.25
"409",2008,"Marion",9248.88
"410",2008,"Martin",9942.79
"411",2008,"Mason",7636.53
"412",2008,"Matagorda",10400.13
"413",2008,"Maverick",11289.18
"414",2008,"McCulloch",7889.64
"415",2008,"McLennan",7799.47
"416",2008,"McMullen",6613.97
"417",2008,"Medina",9049.54
"418",2008,"Menard",7277.32
"419",2008,"Midland",7842.42
"420",2008,"Milam",9923.69
"421",2008,"Mills",6439.75
"422",2008,"Mitchell",8195.01
"423",2008,"Montague",8655.95
"424",2008,"Montgomery",10238.24
"425",2008,"Moore",8622.61
"426",2008,"Morris",8382.63
"427",2008,"Motley",8754.42
"428",2008,"Nacogdoches",9437.77
"429",2008,"Navarro",9081.83
"430",2008,"Newton",9572.72
"431",2008,"Nolan",8757.1
"432",2008,"Nueces",10313.09
"433",2008,"Ochiltree",8637.26
"434",2008,"Oldham",6972.48
"435",2008,"Orange",9506.02
"436",2008,"Palo Pinto",8916.28
"437",2008,"Panola",9806.76
"438",2008,"Parker",9045.69
"439",2008,"Parmer",8705.79
"440",2008,"Pecos",7883.89
"441",2008,"Polk",8121.52
"442",2008,"Potter",9317.4
"443",2008,"Presidio",6789.85
"444",2008,"Rains",8826.9
"445",2008,"Randall",8396.91
"446",2008,"Reagan",8831.41
"447",2008,"Real",6720.5
"448",2008,"Red River",11013.25
"449",2008,"Reeves",8507.72
"450",2008,"Refugio",10047.05
"451",2008,"Roberts",9698.95
"452",2008,"Robertson",9118.33
"453",2008,"Rockwall",9438.23
"454",2008,"Runnels",8891.05
"455",2008,"Rusk",10148.37
"456",2008,"Sabine",8971.31
"457",2008,"San Augustine",10506.48
"458",2008,"San Jacinto",10820.16
"459",2008,"San Patricio",10311.58
"460",2008,"San Saba",6928.86
"461",2008,"Schleicher",13397.41
"462",2008,"Scurry",8520.31
"463",2008,"Shackelford",8305.49
"464",2008,"Shelby",10232.1
"465",2008,"Sherman",7037.78
"466",2008,"Smith",9687.61
"467",2008,"Somervell",8590.36
"468",2008,"Starr",14868.41
"469",2008,"Stephens",9151.38
"470",2008,"Sterling",8404.36
"471",2008,"Stonewall",9800.5
"472",2008,"Sutton",8946.27
"473",2008,"Swisher",8791.61
"474",2008,"Tarrant",10384.27
"475",2008,"Taylor",8144.71
"476",2008,"Terrell",5939.44
"477",2008,"Terry",9756.09
"478",2008,"Throckmorton",9867.76
"479",2008,"Titus",10538.51
"480",2008,"Tom Green",8068.95
"481",2008,"Travis",9021.21
"482",2008,"Trinity",10018.92
"483",2008,"Tyler",9363.52
"484",2008,"Upshur",9338.31
"485",2008,"Upton",10449.19
"486",2008,"Uvalde",8092.37
"487",2008,"Val Verde",7734.54
"488",2008,"Van Zandt",8814.94
"489",2008,"Victoria",9140.09
"490",2008,"Walker",10142.23
"491",2008,"Waller",10236.34
"492",2008,"Ward",8417.55
"493",2008,"Washington",7037.64
"494",2008,"Webb",11310.89
"495",2008,"Wharton",10503.14
"496",2008,"Wheeler",10259.04
"497",2008,"Wichita",8732.81
"498",2008,"Wilbarger",8495.41
"499",2008,"Willacy",12673.78
"500",2008,"Williamson",7977.25
"501",2008,"Wilson",8433.42
"502",2008,"Winkler",8150.15
"503",2008,"Wise",9583.72
"504",2008,"Wood",8691.23
"505",2008,"Yoakum",8761.79
"506",2008,"Young",10377.31
"507",2008,"Zapata",13086.99
"508",2008,"Zavala",10376.85
"509",2009,"Anderson",9043.63
"510",2009,"Andrews",8607.08
"511",2009,"Angelina",9936.55
"512",2009,"Aransas",8874.91
"513",2009,"Archer",8813.74
"514",2009,"Armstrong",8118.35
"515",2009,"Atascosa",9788.2
"516",2009,"Austin",8431.39
"517",2009,"Bailey",8741.16
"518",2009,"Bandera",7398.7
"519",2009,"Bastrop",9452.87
"520",2009,"Baylor",9321.84
"521",2009,"Bee",10513.53
"522",2009,"Bell",8075.43
"523",2009,"Bexar",10175.88
"524",2009,"Blanco",6831.93
"525",2009,"Borden",7235.05
"526",2009,"Bosque",7846.28
"527",2009,"Bowie",9370.97
"528",2009,"Brazoria",10642.08
"529",2009,"Brazos",9427.77
"530",2009,"Brewster",7210.6
"531",2009,"Briscoe",9256.88
"532",2009,"Brooks",12293.14
"533",2009,"Brown",9075.02
"534",2009,"Burleson",8703.94
"535",2009,"Burnet",8341.54
"536",2009,"Caldwell",10080.96
"537",2009,"Calhoun",9366.65
"538",2009,"Callahan",7932.47
"539",2009,"Cameron",12805.88
"540",2009,"Camp",9526.29
"541",2009,"Carson",8621.05
"542",2009,"Cass",9032.49
"543",2009,"Castro",9222.54
"544",2009,"Chambers",11189.05
"545",2009,"Cherokee",9887.15
"546",2009,"Childress",8255.24
"547",2009,"Clay",9443.49
"548",2009,"Cochran",10782.59
"549",2009,"Coke",7470.16
"550",2009,"Coleman",8130.49
"551",2009,"Collin",10306.1
"552",2009,"Collingsworth",13502.88
"553",2009,"Colorado",10516
"554",2009,"Comal",8774.14
"555",2009,"Comanche",8545.88
"556",2009,"Concho",8867.27
"557",2009,"Cooke",9971.52
"558",2009,"Coryell",7680.24
"559",2009,"Cottle",7921.85
"560",2009,"Crane",11815.59
"561",2009,"Crockett",7801.6
"562",2009,"Crosby",11154.65
"563",2009,"Culberson",11142.15
"564",2009,"Dallam",8333.81
"565",2009,"Dallas",12206.52
"566",2009,"Dawson",10373.42
"567",2009,"DeWitt",9186.5
"568",2009,"Deaf Smith",8701.96
"569",2009,"Delta",10138.33
"570",2009,"Denton",10470.03
"571",2009,"Dickens",10567.55
"572",2009,"Dimmit",11735.76
"573",2009,"Donley",9337.66
"574",2009,"Duval",14012.12
"575",2009,"Eastland",8922.13
"576",2009,"Ector",9728.17
"577",2009,"Edwards",7066.81
"578",2009,"El Paso",9096.91
"579",2009,"Ellis",10312.53
"580",2009,"Erath",7573.69
"581",2009,"Falls",9743.7
"582",2009,"Fannin",9815.89
"583",2009,"Fayette",7968.53
"584",2009,"Fisher",9897.31
"585",2009,"Floyd",9203.87
"586",2009,"Foard",8335.93
"587",2009,"Fort Bend",10953.55
"588",2009,"Franklin",10075.76
"589",2009,"Freestone",8679.25
"590",2009,"Frio",10328.92
"591",2009,"Gaines",9308.42
"592",2009,"Galveston",11558.42
"593",2009,"Garza",10122.74
"594",2009,"Gillespie",7007.76
"595",2009,"Glasscock",6824.2
"596",2009,"Goliad",8837.53
"597",2009,"Gonzales",9482.71
"598",2009,"Gray",9621.73
"599",2009,"Grayson",9990.06
"600",2009,"Gregg",9972.4
"601",2009,"Grimes",9669.93
"602",2009,"Guadalupe",8989.72
"603",2009,"Hale",9306.6
"604",2009,"Hall",9895.7
"605",2009,"Hamilton",9239.58
"606",2009,"Hansford",8777.02
"607",2009,"Hardeman",10718.48
"608",2009,"Hardin",9910.81
"609",2009,"Harris",12685.27
"610",2009,"Harrison",9885.21
"611",2009,"Hartley",9856.55
"612",2009,"Haskell",9087.06
"613",2009,"Hays",9248.78
"614",2009,"Hemphill",8233.12
"615",2009,"Henderson",10197.4
"616",2009,"Hidalgo",14996.7
"617",2009,"Hill",8637.86
"618",2009,"Hockley",9745.02
"619",2009,"Hood",8207.3
"620",2009,"Hopkins",9688.24
"621",2009,"Houston",8831.96
"622",2009,"Howard",8881.39
"623",2009,"Hudspeth",7334.32
"624",2009,"Hunt",10712.1
"625",2009,"Hutchinson",9200.5
"626",2009,"Irion",6338.8
"627",2009,"Jack",11245.1
"628",2009,"Jackson",10193.67
"629",2009,"Jasper",9694.13
"630",2009,"Jeff Davis",5810.47
"631",2009,"Jefferson",10571.04
"632",2009,"Jim Hogg",15832.86
"633",2009,"Jim Wells",13720.37
"634",2009,"Johnson",10397.3
"635",2009,"Jones",8684.29
"636",2009,"Karnes",9662.88
"637",2009,"Kaufman",10894.53
"638",2009,"Kendall",8163.96
"639",2009,"Kenedy",4848.74
"640",2009,"Kent",9483.44
"641",2009,"Kerr",7412.74
"642",2009,"Kimble",8091.43
"643",2009,"King",5605.53
"644",2009,"Kinney",8016.03
"645",2009,"Kleberg",11036.66
"646",2009,"Knox",9324.99
"647",2009,"La Salle",10138.17
"648",2009,"Lamar",10011.32
"649",2009,"Lamb",9794
"650",2009,"Lampasas",8948.28
"651",2009,"Lavaca",9253.48
"652",2009,"Lee",9735.97
"653",2009,"Leon",8452.31
"654",2009,"Liberty",12520.73
"655",2009,"Limestone",9237.59
"656",2009,"Lipscomb",7641.36
"657",2009,"Live Oak",9115.27
"658",2009,"Llano",7720.69
"659",2009,"Loving",4849
"660",2009,"Lubbock",10974.78
"661",2009,"Lynn",10920.67
"662",2009,"Madison",11097.34
"663",2009,"Marion",10431.01
"664",2009,"Martin",8859.19
"665",2009,"Mason",8133.98
"666",2009,"Matagorda",10475.95
"667",2009,"Maverick",11594.88
"668",2009,"McCulloch",8681.73
"669",2009,"McLennan",8408.12
"670",2009,"McMullen",8739.24
"671",2009,"Medina",9544.98
"672",2009,"Menard",8102.5
"673",2009,"Midland",8449.84
"674",2009,"Milam",10640.31
"675",2009,"Mills",7810.65
"676",2009,"Mitchell",9180.12
"677",2009,"Montague",8622.44
"678",2009,"Montgomery",10914.96
"679",2009,"Moore",8609.8
"680",2009,"Morris",9408.46
"681",2009,"Motley",8700.22
"682",2009,"Nacogdoches",10402.06
"683",2009,"Navarro",9706.49
"684",2009,"Newton",10197.89
"685",2009,"Nolan",9142.97
"686",2009,"Nueces",10886.34
"687",2009,"Ochiltree",8184.87
"688",2009,"Oldham",8334.39
"689",2009,"Orange",9859.61
"690",2009,"Palo Pinto",9760.41
"691",2009,"Panola",10159.96
"692",2009,"Parker",10026.45
"693",2009,"Parmer",8932.05
"694",2009,"Pecos",8195.78
"695",2009,"Polk",8578.43
"696",2009,"Potter",9439.2
"697",2009,"Presidio",5891.52
"698",2009,"Rains",8936.21
"699",2009,"Randall",8366.68
"700",2009,"Reagan",9732.39
"701",2009,"Real",7225.98
"702",2009,"Red River",11479.88
"703",2009,"Reeves",8468.41
"704",2009,"Refugio",9860.26
"705",2009,"Roberts",8110.88
"706",2009,"Robertson",10238.45
"707",2009,"Rockwall",9737.85
"708",2009,"Runnels",9767.48
"709",2009,"Rusk",10566.79
"710",2009,"Sabine",8433.39
"711",2009,"San Augustine",10028.52
"712",2009,"San Jacinto",11348.73
"713",2009,"San Patricio",10656.21
"714",2009,"San Saba",7392.35
"715",2009,"Schleicher",10633.28
"716",2009,"Scurry",9851.76
"717",2009,"Shackelford",9846.64
"718",2009,"Shelby",9996.55
"719",2009,"Sherman",6230.32
"720",2009,"Smith",10307.45
"721",2009,"Somervell",9997.34
"722",2009,"Starr",14400.54
"723",2009,"Stephens",9823.69
"724",2009,"Sterling",9775.17
"725",2009,"Stonewall",12355.98
"726",2009,"Sutton",10681.97
"727",2009,"Swisher",8330.05
"728",2009,"Tarrant",11344.76
"729",2009,"Taylor",8375.59
"730",2009,"Terrell",5581.8
"731",2009,"Terry",11025.21
"732",2009,"Throckmorton",10767.62
"733",2009,"Titus",10175.73
"734",2009,"Tom Green",8162.25
"735",2009,"Travis",9475.89
"736",2009,"Trinity",10172.81
"737",2009,"Tyler",9320.29
"738",2009,"Upshur",10162.07
"739",2009,"Upton",12688.77
"740",2009,"Uvalde",8539.72
"741",2009,"Val Verde",8684.41
"742",2009,"Van Zandt",9817.61
"743",2009,"Victoria",9689.69
"744",2009,"Walker",10994.8
"745",2009,"Waller",11101.13
"746",2009,"Ward",8219.18
"747",2009,"Washington",7541.62
"748",2009,"Webb",12281.94
"749",2009,"Wharton",10914.21
"750",2009,"Wheeler",10002.97
"751",2009,"Wichita",9678.8
"752",2009,"Wilbarger",9614.49
"753",2009,"Willacy",13220.28
"754",2009,"Williamson",8720.25
"755",2009,"Wilson",9138.83
"756",2009,"Winkler",8662.5
"757",2009,"Wise",10540.04
"758",2009,"Wood",9264.78
"759",2009,"Yoakum",10004.87
"760",2009,"Young",10685.93
"761",2009,"Zapata",14497.2
"762",2009,"Zavala",11658.94
"763",2010,"Anderson",9405.97
"764",2010,"Andrews",8945.51
"765",2010,"Angelina",10514.85
"766",2010,"Aransas",9585.92
"767",2010,"Archer",9021.11
"768",2010,"Armstrong",7831.52
"769",2010,"Atascosa",10288.64
"770",2010,"Austin",8425.88
"771",2010,"Bailey",8609.17
"772",2010,"Bandera",7778.75
"773",2010,"Bastrop",9453.04
"774",2010,"Baylor",10756.41
"775",2010,"Bee",11682.92
"776",2010,"Bell",8651.5
"777",2010,"Bexar",10488.96
"778",2010,"Blanco",7696.74
"779",2010,"Borden",9379.67
"780",2010,"Bosque",8035.34
"781",2010,"Bowie",9633.63
"782",2010,"Brazoria",10997.91
"783",2010,"Brazos",9541.38
"784",2010,"Brewster",6829.96
"785",2010,"Briscoe",9567.48
"786",2010,"Brooks",13751.24
"787",2010,"Brown",9347.96
"788",2010,"Burleson",8974.54
"789",2010,"Burnet",8739.09
"790",2010,"Caldwell",10952.77
"791",2010,"Calhoun",9763.26
"792",2010,"Callahan",8230.36
"793",2010,"Cameron",12944.76
"794",2010,"Camp",10061.39
"795",2010,"Carson",8466.68
"796",2010,"Cass",9382.53
"797",2010,"Castro",9744.14
"798",2010,"Chambers",12151.22
"799",2010,"Cherokee",10289.06
"800",2010,"Childress",8587.52
"801",2010,"Clay",9325.22
"802",2010,"Cochran",10734.85
"803",2010,"Coke",8661.88
"804",2010,"Coleman",8209.84
"805",2010,"Collin",10430.93
"806",2010,"Collingsworth",13936.91
"807",2010,"Colorado",10492.82
"808",2010,"Comal",8982.46
"809",2010,"Comanche",8715.99
"810",2010,"Concho",7947.92
"811",2010,"Cooke",10169.59
"812",2010,"Coryell",8404.99
"813",2010,"Cottle",6676.48
"814",2010,"Crane",10308.34
"815",2010,"Crockett",7927.16
"816",2010,"Crosby",11205.66
"817",2010,"Culberson",9750.53
"818",2010,"Dallam",8958.69
"819",2010,"Dallas",12163.48
"820",2010,"Dawson",10807.27
"821",2010,"DeWitt",9530.67
"822",2010,"Deaf Smith",8406.24
"823",2010,"Delta",10798.97
"824",2010,"Denton",10954.45
"825",2010,"Dickens",10029.98
"826",2010,"Dimmit",11271.75
"827",2010,"Donley",10639.95
"828",2010,"Duval",13653.57
"829",2010,"Eastland",9765.54
"830",2010,"Ector",10592.19
"831",2010,"Edwards",7792.05
"832",2010,"El Paso",9662.38
"833",2010,"Ellis",10867.11
"834",2010,"Erath",8027.17
"835",2010,"Falls",10350.2
"836",2010,"Fannin",10007.88
"837",2010,"Fayette",9058.22
"838",2010,"Fisher",8850.85
"839",2010,"Floyd",10628.2
"840",2010,"Foard",9487.03
"841",2010,"Fort Bend",11464.17
"842",2010,"Franklin",10635.49
"843",2010,"Freestone",9460.55
"844",2010,"Frio",10347.46
"845",2010,"Gaines",10144.93
"846",2010,"Galveston",12829.6
"847",2010,"Garza",10763.61
"848",2010,"Gillespie",7273.9
"849",2010,"Glasscock",6007.42
"850",2010,"Goliad",8284.79
"851",2010,"Gonzales",9804.43
"852",2010,"Gray",9537.25
"853",2010,"Grayson",10571.26
"854",2010,"Gregg",9995.41
"855",2010,"Grimes",9969.4
"856",2010,"Guadalupe",8953.94
"857",2010,"Hale",10598.91
"858",2010,"Hall",11630.33
"859",2010,"Hamilton",9904.78
"860",2010,"Hansford",8936.67
"861",2010,"Hardeman",11630.57
"862",2010,"Hardin",9962.8
"863",2010,"Harris",13058.36
"864",2010,"Harrison",9830.85
"865",2010,"Hartley",9442.85
"866",2010,"Haskell",9326.84
"867",2010,"Hays",9411.83
"868",2010,"Hemphill",7703.92
"869",2010,"Henderson",9990.78
"870",2010,"Hidalgo",13901.79
"871",2010,"Hill",8960.35
"872",2010,"Hockley",9875.99
"873",2010,"Hood",8652.62
"874",2010,"Hopkins",9569.3
"875",2010,"Houston",9222.49
"876",2010,"Howard",9156.28
"877",2010,"Hudspeth",6224.2
"878",2010,"Hunt",11143.67
"879",2010,"Hutchinson",9173.53
"880",2010,"Irion",8456.49
"881",2010,"Jack",10985.51
"882",2010,"Jackson",10960.42
"883",2010,"Jasper",10350.22
"884",2010,"Jeff Davis",6787.85
"885",2010,"Jefferson",10923.73
"886",2010,"Jim Hogg",14063.37
"887",2010,"Jim Wells",15033.59
"888",2010,"Johnson",10867.21
"889",2010,"Jones",8873.21
"890",2010,"Karnes",9597.9
"891",2010,"Kaufman",11050.76
"892",2010,"Kendall",8942.55
"893",2010,"Kenedy",17009.42
"894",2010,"Kent",7491.5
"895",2010,"Kerr",8013.82
"896",2010,"Kimble",8118.38
"897",2010,"King",5752.79
"898",2010,"Kinney",7917.61
"899",2010,"Kleberg",11445.39
"900",2010,"Knox",10019
"901",2010,"La Salle",10596.05
"902",2010,"Lamar",9935.72
"903",2010,"Lamb",10308.42
"904",2010,"Lampasas",9694.8
"905",2010,"Lavaca",9843.31
"906",2010,"Lee",9365.05
"907",2010,"Leon",8794.97
"908",2010,"Liberty",12902.04
"909",2010,"Limestone",9706.51
"910",2010,"Lipscomb",7148.89
"911",2010,"Live Oak",9071.21
"912",2010,"Llano",8653.96
"913",2010,"Loving",5753
"914",2010,"Lubbock",11143.15
"915",2010,"Lynn",12476.89
"916",2010,"Madison",10766.96
"917",2010,"Marion",10366.23
"918",2010,"Martin",10316.92
"919",2010,"Mason",7406.64
"920",2010,"Matagorda",11163.85
"921",2010,"Maverick",11616.17
"922",2010,"McCulloch",9408.6
"923",2010,"McLennan",8362.95
"924",2010,"McMullen",8348.62
"925",2010,"Medina",9932.47
"926",2010,"Menard",7740.57
"927",2010,"Midland",8708.21
"928",2010,"Milam",11112.67
"929",2010,"Mills",8621.49
"930",2010,"Mitchell",10723.89
"931",2010,"Montague",9470.23
"932",2010,"Montgomery",11293.46
"933",2010,"Moore",8931.4
"934",2010,"Morris",9934.51
"935",2010,"Motley",10180.77
"936",2010,"Nacogdoches",10752.68
"937",2010,"Navarro",10146.16
"938",2010,"Newton",10535.39
"939",2010,"Nolan",9308.17
"940",2010,"Nueces",11287.12
"941",2010,"Ochiltree",8011.24
"942",2010,"Oldham",7390.31
"943",2010,"Orange",10323.25
"944",2010,"Palo Pinto",10372.37
"945",2010,"Panola",10478.16
"946",2010,"Parker",10477
"947",2010,"Parmer",11457.4
"948",2010,"Pecos",8717.36
"949",2010,"Polk",8522.64
"950",2010,"Potter",9612.38
"951",2010,"Presidio",5793.75
"952",2010,"Rains",9058.85
"953",2010,"Randall",8734.34
"954",2010,"Reagan",10121.5
"955",2010,"Real",7926.97
"956",2010,"Red River",11656.49
"957",2010,"Reeves",8639.53
"958",2010,"Refugio",10348.04
"959",2010,"Roberts",6699.02
"960",2010,"Robertson",10660.59
"961",2010,"Rockwall",10609.74
"962",2010,"Runnels",9922.58
"963",2010,"Rusk",11129.49
"964",2010,"Sabine",9055.75
"965",2010,"San Augustine",10113.08
"966",2010,"San Jacinto",11931.65
"967",2010,"San Patricio",11629.14
"968",2010,"San Saba",8626.3
"969",2010,"Schleicher",12248.32
"970",2010,"Scurry",9843.62
"971",2010,"Shackelford",10116.03
"972",2010,"Shelby",10237.7
"973",2010,"Sherman",7898.64
"974",2010,"Smith",10406.28
"975",2010,"Somervell",8954.32
"976",2010,"Starr",14003.37
"977",2010,"Stephens",10549.3
"978",2010,"Sterling",8611.56
"979",2010,"Stonewall",12062.46
"980",2010,"Sutton",12296.98
"981",2010,"Swisher",9204.05
"982",2010,"Tarrant",11573.38
"983",2010,"Taylor",8812.96
"984",2010,"Terrell",6742.04
"985",2010,"Terry",11653.24
"986",2010,"Throckmorton",11484.19
"987",2010,"Titus",11009.35
"988",2010,"Tom Green",8556.36
"989",2010,"Travis",9846.26
"990",2010,"Trinity",11146.13
"991",2010,"Tyler",10510.99
"992",2010,"Upshur",10641.15
"993",2010,"Upton",11298.99
"994",2010,"Uvalde",9666.22
"995",2010,"Val Verde",9097.48
"996",2010,"Van Zandt",9895.55
"997",2010,"Victoria",9858.89
"998",2010,"Walker",11353.08
"999",2010,"Waller",10929.43
"1000",2010,"Ward",8971.55
"1001",2010,"Washington",7829.9
"1002",2010,"Webb",12241.96
"1003",2010,"Wharton",11794.08
"1004",2010,"Wheeler",11195.69
"1005",2010,"Wichita",10080.3
"1006",2010,"Wilbarger",9948.61
"1007",2010,"Willacy",14006.22
"1008",2010,"Williamson",8884.43
"1009",2010,"Wilson",9128.78
"1010",2010,"Winkler",9601
"1011",2010,"Wise",10369.67
"1012",2010,"Wood",9646.66
"1013",2010,"Yoakum",10801.16
"1014",2010,"Young",11596.02
"1015",2010,"Zapata",15010.17
"1016",2010,"Zavala",11639.49
"1017",2011,"Anderson",9490.22
"1018",2011,"Andrews",8170.39
"1019",2011,"Angelina",10351.94
"1020",2011,"Aransas",9285.86
"1021",2011,"Archer",9739.24
"1022",2011,"Armstrong",7924.45
"1023",2011,"Atascosa",10968.39
"1024",2011,"Austin",9089.82
"1025",2011,"Bailey",9001.59
"1026",2011,"Bandera",8077.71
"1027",2011,"Bastrop",9373.41
"1028",2011,"Baylor",10504.47
"1029",2011,"Bee",11734.87
"1030",2011,"Bell",9098.82
"1031",2011,"Bexar",10270.64
"1032",2011,"Blanco",7004.6
"1033",2011,"Borden",9586.81
"1034",2011,"Bosque",8418.7
"1035",2011,"Bowie",9560.61
"1036",2011,"Brazoria",11224.34
"1037",2011,"Brazos",9341.09
"1038",2011,"Brewster",6683.26
"1039",2011,"Briscoe",9135.86
"1040",2011,"Brooks",13898.35
"1041",2011,"Brown",8917.91
"1042",2011,"Burleson",8978.56
"1043",2011,"Burnet",9072.09
"1044",2011,"Caldwell",11186.24
"1045",2011,"Calhoun",10121.47
"1046",2011,"Callahan",8301.88
"1047",2011,"Cameron",12139.23
"1048",2011,"Camp",10443.9
"1049",2011,"Carson",9492.6
"1050",2011,"Cass",9078.61
"1051",2011,"Castro",9997.66
"1052",2011,"Chambers",11538.53
"1053",2011,"Cherokee",9938.14
"1054",2011,"Childress",8798.29
"1055",2011,"Clay",9558.26
"1056",2011,"Cochran",8492.82
"1057",2011,"Coke",7862.52
"1058",2011,"Coleman",8177.2
"1059",2011,"Collin",10269.21
"1060",2011,"Collingsworth",15351.7
"1061",2011,"Colorado",11838.53
"1062",2011,"Comal",9158.86
"1063",2011,"Comanche",8378.43
"1064",2011,"Concho",10103.81
"1065",2011,"Cooke",10698.34
"1066",2011,"Coryell",8763.17
"1067",2011,"Cottle",7808.75
"1068",2011,"Crane",11851.56
"1069",2011,"Crockett",7820.4
"1070",2011,"Crosby",10674.47
"1071",2011,"Culberson",11487.99
"1072",2011,"Dallam",9414.17
"1073",2011,"Dallas",12074.25
"1074",2011,"Dawson",10532.64
"1075",2011,"DeWitt",9883.62
"1076",2011,"Deaf Smith",8530.92
"1077",2011,"Delta",10989.99
"1078",2011,"Denton",10983.64
"1079",2011,"Dickens",10882.6
"1080",2011,"Dimmit",12004.01
"1081",2011,"Donley",9904.57
"1082",2011,"Duval",13710.31
"1083",2011,"Eastland",10034.36
"1084",2011,"Ector",9852.29
"1085",2011,"Edwards",7329.53
"1086",2011,"El Paso",9595.37
"1087",2011,"Ellis",10646.25
"1088",2011,"Erath",8580.6
"1089",2011,"Falls",10270.19
"1090",2011,"Fannin",10630.17
"1091",2011,"Fayette",9020.81
"1092",2011,"Fisher",9165.93
"1093",2011,"Floyd",11582.49
"1094",2011,"Foard",8506.85
"1095",2011,"Fort Bend",11149.98
"1096",2011,"Franklin",10023.83
"1097",2011,"Freestone",10150.48
"1098",2011,"Frio",11661
"1099",2011,"Gaines",11047.71
"1100",2011,"Galveston",12402.29
"1101",2011,"Garza",10630.47
"1102",2011,"Gillespie",7184.95
"1103",2011,"Glasscock",5572.81
"1104",2011,"Goliad",9159.76
"1105",2011,"Gonzales",10062.55
"1106",2011,"Gray",9873.4
"1107",2011,"Grayson",10792.85
"1108",2011,"Gregg",10610.26
"1109",2011,"Grimes",10355.66
"1110",2011,"Guadalupe",9214.41
"1111",2011,"Hale",10663.63
"1112",2011,"Hall",9606.98
"1113",2011,"Hamilton",9288.55
"1114",2011,"Hansford",10697.26
"1115",2011,"Hardeman",12292.42
"1116",2011,"Hardin",10062.28
"1117",2011,"Harris",12949.67
"1118",2011,"Harrison",10126.63
"1119",2011,"Hartley",8330.74
"1120",2011,"Haskell",9028.28
"1121",2011,"Hays",9585.34
"1122",2011,"Hemphill",7020.25
"1123",2011,"Henderson",9979.34
"1124",2011,"Hidalgo",13198.76
"1125",2011,"Hill",8936.94
"1126",2011,"Hockley",9480.41
"1127",2011,"Hood",8998.41
"1128",2011,"Hopkins",9678.42
"1129",2011,"Houston",9633.23
"1130",2011,"Howard",8885.12
"1131",2011,"Hudspeth",5208.25
"1132",2011,"Hunt",11484.38
"1133",2011,"Hutchinson",8926.21
"1134",2011,"Irion",8610.12
"1135",2011,"Jack",11053.85
"1136",2011,"Jackson",10583.51
"1137",2011,"Jasper",10146.93
"1138",2011,"Jeff Davis",7773.41
"1139",2011,"Jefferson",11112.43
"1140",2011,"Jim Hogg",15150.66
"1141",2011,"Jim Wells",14262.61
"1142",2011,"Johnson",10759.82
"1143",2011,"Jones",9334.07
"1144",2011,"Karnes",9710.13
"1145",2011,"Kaufman",10843.33
"1146",2011,"Kendall",8277.65
"1147",2011,"Kenedy",15892.04
"1148",2011,"Kent",10162.87
"1149",2011,"Kerr",8246.72
"1150",2011,"Kimble",8764.51
"1151",2011,"King",5461.45
"1152",2011,"Kinney",7452.1
"1153",2011,"Kleberg",11302.48
"1154",2011,"Knox",9544.05
"1155",2011,"La Salle",10143.27
"1156",2011,"Lamar",10158
"1157",2011,"Lamb",10056.4
"1158",2011,"Lampasas",10102.91
"1159",2011,"Lavaca",11121.98
"1160",2011,"Lee",9981.61
"1161",2011,"Leon",9280.74
"1162",2011,"Liberty",12512.09
"1163",2011,"Limestone",9919.94
"1164",2011,"Lipscomb",8238.37
"1165",2011,"Live Oak",10310.27
"1166",2011,"Llano",8311.63
"1167",2011,"Loving",5208
"1168",2011,"Lubbock",11272.97
"1169",2011,"Lynn",10652.24
"1170",2011,"Madison",11810.66
"1171",2011,"Marion",10056.21
"1172",2011,"Martin",10242.75
"1173",2011,"Mason",7619.04
"1174",2011,"Matagorda",11536.05
"1175",2011,"Maverick",11758.66
"1176",2011,"McCulloch",8578.55
"1177",2011,"McLennan",8506.42
"1178",2011,"McMullen",9801.83
"1179",2011,"Medina",9481.42
"1180",2011,"Menard",7270.47
"1181",2011,"Midland",8709.16
"1182",2011,"Milam",10321.55
"1183",2011,"Mills",8586.62
"1184",2011,"Mitchell",9779.87
"1185",2011,"Montague",9690.02
"1186",2011,"Montgomery",11318.91
"1187",2011,"Moore",9115.24
"1188",2011,"Morris",9637.23
"1189",2011,"Motley",9950.8
"1190",2011,"Nacogdoches",10739.86
"1191",2011,"Navarro",9733.97
"1192",2011,"Newton",10111.27
"1193",2011,"Nolan",9287.45
"1194",2011,"Nueces",11046.66
"1195",2011,"Ochiltree",8459.33
"1196",2011,"Oldham",8234.76
"1197",2011,"Orange",10252.66
"1198",2011,"Palo Pinto",10202.58
"1199",2011,"Panola",10380.33
"1200",2011,"Parker",10017.74
"1201",2011,"Parmer",9875.69
"1202",2011,"Pecos",9461.93
"1203",2011,"Polk",8632.55
"1204",2011,"Potter",9821.9
"1205",2011,"Presidio",6496.92
"1206",2011,"Rains",8767.82
"1207",2011,"Randall",8983.12
"1208",2011,"Reagan",9577.78
"1209",2011,"Real",7704.57
"1210",2011,"Red River",11063.3
"1211",2011,"Reeves",9205.36
"1212",2011,"Refugio",11430.87
"1213",2011,"Roberts",7330.76
"1214",2011,"Robertson",9870.41
"1215",2011,"Rockwall",10218.16
"1216",2011,"Runnels",9775.56
"1217",2011,"Rusk",10697.9
"1218",2011,"Sabine",9511.05
"1219",2011,"San Augustine",10035.12
"1220",2011,"San Jacinto",11614.32
"1221",2011,"San Patricio",11080.59
"1222",2011,"San Saba",8780.61
"1223",2011,"Schleicher",11141.6
"1224",2011,"Scurry",9986.31
"1225",2011,"Shackelford",10100.94
"1226",2011,"Shelby",10033.49
"1227",2011,"Sherman",8868.35
"1228",2011,"Smith",10299.99
"1229",2011,"Somervell",9640.99
"1230",2011,"Starr",12744.6
"1231",2011,"Stephens",9724
"1232",2011,"Sterling",9093.82
"1233",2011,"Stonewall",12612.61
"1234",2011,"Sutton",10524.19
"1235",2011,"Swisher",8705.26
"1236",2011,"Tarrant",11486.13
"1237",2011,"Taylor",8785.64
"1238",2011,"Terrell",8179.96
"1239",2011,"Terry",11833.27
"1240",2011,"Throckmorton",10446.3
"1241",2011,"Titus",10966.56
"1242",2011,"Tom Green",8657.99
"1243",2011,"Travis",9725.65
"1244",2011,"Trinity",11344.11
"1245",2011,"Tyler",10111.39
"1246",2011,"Upshur",10764.06
"1247",2011,"Upton",11986.71
"1248",2011,"Uvalde",9975.07
"1249",2011,"Val Verde",8539.88
"1250",2011,"Van Zandt",9689.17
"1251",2011,"Victoria",9966.83
"1252",2011,"Walker",11399.01
"1253",2011,"Waller",11336.82
"1254",2011,"Ward",9793.93
"1255",2011,"Washington",8382.81
"1256",2011,"Webb",11822.81
"1257",2011,"Wharton",11227.07
"1258",2011,"Wheeler",11209.87
"1259",2011,"Wichita",10176.96
"1260",2011,"Wilbarger",9797.67
"1261",2011,"Willacy",13426.19
"1262",2011,"Williamson",8899.83
"1263",2011,"Wilson",8963.63
"1264",2011,"Winkler",10311.68
"1265",2011,"Wise",10785.38
"1266",2011,"Wood",9490.1
"1267",2011,"Yoakum",10633.39
"1268",2011,"Young",11172.98
"1269",2011,"Zapata",11890.52
"1270",2011,"Zavala",11362.54
"1271",2012,"Anderson",10107.44
"1272",2012,"Andrews",8816.17
"1273",2012,"Angelina",10358.67
"1274",2012,"Aransas",9480.98
"1275",2012,"Archer",10516.51
"1276",2012,"Armstrong",7050.31
"1277",2012,"Atascosa",10049.27
"1278",2012,"Austin",8357.05
"1279",2012,"Bailey",9892.96
"1280",2012,"Bandera",8154.19
"1281",2012,"Bastrop",9466.68
"1282",2012,"Baylor",11885.46
"1283",2012,"Bee",11044.24
"1284",2012,"Bell",9467.45
"1285",2012,"Bexar",10246.38
"1286",2012,"Blanco",7332.82
"1287",2012,"Borden",10757.77
"1288",2012,"Bosque",7675.09
"1289",2012,"Bowie",9451.48
"1290",2012,"Brazoria",10911.79
"1291",2012,"Brazos",9420.06
"1292",2012,"Brewster",6496.07
"1293",2012,"Briscoe",9634.83
"1294",2012,"Brooks",13642.61
"1295",2012,"Brown",8767.29
"1296",2012,"Burleson",9546.68
"1297",2012,"Burnet",8752.34
"1298",2012,"Caldwell",12014.94
"1299",2012,"Calhoun",9624.21
"1300",2012,"Callahan",8994.87
"1301",2012,"Cameron",11981.52
"1302",2012,"Camp",10210.19
"1303",2012,"Carson",9259.54
"1304",2012,"Cass",9808.73
"1305",2012,"Castro",11300.9
"1306",2012,"Chambers",11360.66
"1307",2012,"Cherokee",10178.92
"1308",2012,"Childress",9155.69
"1309",2012,"Clay",10170.29
"1310",2012,"Cochran",10970.03
"1311",2012,"Coke",7296.82
"1312",2012,"Coleman",8484.28
"1313",2012,"Collin",10232.21
"1314",2012,"Collingsworth",16482.64
"1315",2012,"Colorado",11033.18
"1316",2012,"Comal",9311.42
"1317",2012,"Comanche",8255.87
"1318",2012,"Concho",10429.53
"1319",2012,"Cooke",10985.16
"1320",2012,"Coryell",8585.22
"1321",2012,"Cottle",9501.36
"1322",2012,"Crane",11643.77
"1323",2012,"Crockett",7716.17
"1324",2012,"Crosby",10154.31
"1325",2012,"Culberson",13477.71
"1326",2012,"Dallam",10491.17
"1327",2012,"Dallas",11821.51
"1328",2012,"Dawson",10365.97
"1329",2012,"DeWitt",9894.95
"1330",2012,"Deaf Smith",9535.29
"1331",2012,"Delta",9998.83
"1332",2012,"Denton",10803.41
"1333",2012,"Dickens",11059.34
"1334",2012,"Dimmit",12020.29
"1335",2012,"Donley",9094.17
"1336",2012,"Duval",13431.21
"1337",2012,"Eastland",10065.16
"1338",2012,"Ector",9951.13
"1339",2012,"Edwards",7115.57
"1340",2012,"El Paso",9762.34
"1341",2012,"Ellis",10502.31
"1342",2012,"Erath",8360.59
"1343",2012,"Falls",9926.35
"1344",2012,"Fannin",11043.99
"1345",2012,"Fayette",9520.43
"1346",2012,"Fisher",9233.82
"1347",2012,"Floyd",11112
"1348",2012,"Foard",10394.65
"1349",2012,"Fort Bend",11145.95
"1350",2012,"Franklin",10020.67
"1351",2012,"Freestone",9462.45
"1352",2012,"Frio",10854.51
"1353",2012,"Gaines",10677.77
"1354",2012,"Galveston",12358.64
"1355",2012,"Garza",11779.02
"1356",2012,"Gillespie",7125.02
"1357",2012,"Glasscock",6575.79
"1358",2012,"Goliad",9563.46
"1359",2012,"Gonzales",9363.28
"1360",2012,"Gray",10197.57
"1361",2012,"Grayson",10570.77
"1362",2012,"Gregg",10592.48
"1363",2012,"Grimes",10614.25
"1364",2012,"Guadalupe",9354.29
"1365",2012,"Hale",10075.98
"1366",2012,"Hall",10076.45
"1367",2012,"Hamilton",9496.21
"1368",2012,"Hansford",9821.57
"1369",2012,"Hardeman",11764.22
"1370",2012,"Hardin",9892.01
"1371",2012,"Harris",12640.16
"1372",2012,"Harrison",9992.68
"1373",2012,"Hartley",10394.42
"1374",2012,"Haskell",9541.36
"1375",2012,"Hays",9527.8
"1376",2012,"Hemphill",7558.39
"1377",2012,"Henderson",10230.25
"1378",2012,"Hidalgo",12761.65
"1379",2012,"Hill",8731.66
"1380",2012,"Hockley",9845.04
"1381",2012,"Hood",9000.83
"1382",2012,"Hopkins",10078.17
"1383",2012,"Houston",9732.55
"1384",2012,"Howard",8863.26
"1385",2012,"Hudspeth",8207.42
"1386",2012,"Hunt",10890.32
"1387",2012,"Hutchinson",9652.87
"1388",2012,"Irion",6133.81
"1389",2012,"Jack",9603.28
"1390",2012,"Jackson",11025.83
"1391",2012,"Jasper",10327.56
"1392",2012,"Jeff Davis",6845.17
"1393",2012,"Jefferson",11233.42
"1394",2012,"Jim Hogg",14906.03
"1395",2012,"Jim Wells",14251.79
"1396",2012,"Johnson",11133
"1397",2012,"Jones",9033.42
"1398",2012,"Karnes",10500.58
"1399",2012,"Kaufman",10712.11
"1400",2012,"Kendall",8313.18
"1401",2012,"Kenedy",10894.12
"1402",2012,"Kent",10114.93
"1403",2012,"Kerr",7935.88
"1404",2012,"Kimble",8365.72
"1405",2012,"King",8771.55
"1406",2012,"Kinney",9822.58
"1407",2012,"Kleberg",11602.96
"1408",2012,"Knox",9543.69
"1409",2012,"La Salle",10241.08
"1410",2012,"Lamar",10260.21
"1411",2012,"Lamb",9644.93
"1412",2012,"Lampasas",9976.72
"1413",2012,"Lavaca",10574.18
"1414",2012,"Lee",10181.61
"1415",2012,"Leon",9295.01
"1416",2012,"Liberty",12683.95
"1417",2012,"Limestone",9756.14
"1418",2012,"Lipscomb",8692.86
"1419",2012,"Live Oak",9600.37
"1420",2012,"Llano",8563.36
"1421",2012,"Loving",6082
"1422",2012,"Lubbock",11111.19
"1423",2012,"Lynn",10982.79
"1424",2012,"Madison",10824
"1425",2012,"Marion",8999.01
"1426",2012,"Martin",9332.84
"1427",2012,"Mason",7724.9
"1428",2012,"Matagorda",12093.55
"1429",2012,"Maverick",11428.81
"1430",2012,"McCulloch",8523.59
"1431",2012,"McLennan",8700.73
"1432",2012,"McMullen",7246.73
"1433",2012,"Medina",9762.17
"1434",2012,"Menard",8234.76
"1435",2012,"Midland",8940.13
"1436",2012,"Milam",11307.08
"1437",2012,"Mills",9330.14
"1438",2012,"Mitchell",9919.88
"1439",2012,"Montague",9165.33
"1440",2012,"Montgomery",11240.07
"1441",2012,"Moore",9248.41
"1442",2012,"Morris",9968.84
"1443",2012,"Motley",10535.72
"1444",2012,"Nacogdoches",10287.97
"1445",2012,"Navarro",10416.99
"1446",2012,"Newton",10996.93
"1447",2012,"Nolan",9233.73
"1448",2012,"Nueces",10807.84
"1449",2012,"Ochiltree",8615.93
"1450",2012,"Oldham",8244.56
"1451",2012,"Orange",10549.56
"1452",2012,"Palo Pinto",9909.35
"1453",2012,"Panola",10837.24
"1454",2012,"Parker",10432.9
"1455",2012,"Parmer",10455.43
"1456",2012,"Pecos",9728.45
"1457",2012,"Polk",8882.79
"1458",2012,"Potter",10010.59
"1459",2012,"Presidio",6081.6
"1460",2012,"Rains",9644.25
"1461",2012,"Randall",9111.28
"1462",2012,"Reagan",10076.46
"1463",2012,"Real",8215.72
"1464",2012,"Red River",11545.6
"1465",2012,"Reeves",9346.07
"1466",2012,"Refugio",11762.72
"1467",2012,"Roberts",7964.48
"1468",2012,"Robertson",10269.74
"1469",2012,"Rockwall",10285.87
"1470",2012,"Runnels",9699.22
"1471",2012,"Rusk",10907.84
"1472",2012,"Sabine",9679.05
"1473",2012,"San Augustine",10670.24
"1474",2012,"San Jacinto",12077.55
"1475",2012,"San Patricio",11189.06
"1476",2012,"San Saba",7950.53
"1477",2012,"Schleicher",12128.12
"1478",2012,"Scurry",10237.08
"1479",2012,"Shackelford",10010.57
"1480",2012,"Shelby",10083.89
"1481",2012,"Sherman",9669.18
"1482",2012,"Smith",10073.73
"1483",2012,"Somervell",11107.64
"1484",2012,"Starr",11799.31
"1485",2012,"Stephens",9886.84
"1486",2012,"Sterling",6933.2
"1487",2012,"Stonewall",15106.42
"1488",2012,"Sutton",9173.1
"1489",2012,"Swisher",9512.9
"1490",2012,"Tarrant",11603.99
"1491",2012,"Taylor",9184.01
"1492",2012,"Terrell",10133.43
"1493",2012,"Terry",10752
"1494",2012,"Throckmorton",14153.82
"1495",2012,"Titus",10519.45
"1496",2012,"Tom Green",8518.97
"1497",2012,"Travis",9846.4
"1498",2012,"Trinity",10357.64
"1499",2012,"Tyler",10310.4
"1500",2012,"Upshur",10337.04
"1501",2012,"Upton",16201.65
"1502",2012,"Uvalde",10049.53
"1503",2012,"Val Verde",8652.93
"1504",2012,"Van Zandt",9511.08
"1505",2012,"Victoria",9907.38
"1506",2012,"Walker",10875.7
"1507",2012,"Waller",11042.33
"1508",2012,"Ward",9334.61
"1509",2012,"Washington",8087.01
"1510",2012,"Webb",11475.96
"1511",2012,"Wharton",11166.33
"1512",2012,"Wheeler",11020.91
"1513",2012,"Wichita",10273.26
"1514",2012,"Wilbarger",10054.31
"1515",2012,"Willacy",13326.86
"1516",2012,"Williamson",8972.14
"1517",2012,"Wilson",8509.41
"1518",2012,"Winkler",10254.87
"1519",2012,"Wise",10617.98
"1520",2012,"Wood",9642.97
"1521",2012,"Yoakum",10869.68
"1522",2012,"Young",11163.17
"1523",2012,"Zapata",11140.32
"1524",2012,"Zavala",12979.89
"1525",2013,"Anderson",10498.53
"1526",2013,"Andrews",8130.2
"1527",2013,"Angelina",10351.53
"1528",2013,"Aransas",8498.88
"1529",2013,"Archer",9676
"1530",2013,"Armstrong",7482.47
"1531",2013,"Atascosa",10278.87
"1532",2013,"Austin",8616.09
"1533",2013,"Bailey",10671.72
"1534",2013,"Bandera",8494.06
"1535",2013,"Bastrop",9858.95
"1536",2013,"Baylor",11317.43
"1537",2013,"Bee",11708.7
"1538",2013,"Bell",9503.74
"1539",2013,"Bexar",9965.46
"1540",2013,"Blanco",7191.79
"1541",2013,"Borden",7836.83
"1542",2013,"Bosque",8288.47
"1543",2013,"Bowie",9565.63
"1544",2013,"Brazoria",11049.25
"1545",2013,"Brazos",9483.33
"1546",2013,"Brewster",6953.23
"1547",2013,"Briscoe",8969.32
"1548",2013,"Brooks",14245.14
"1549",2013,"Brown",9168.78
"1550",2013,"Burleson",9409.08
"1551",2013,"Burnet",9173.54
"1552",2013,"Caldwell",11017.86
"1553",2013,"Calhoun",9567.67
"1554",2013,"Callahan",9029.69
"1555",2013,"Cameron",11893.86
"1556",2013,"Camp",10375.87
"1557",2013,"Carson",8586.44
"1558",2013,"Cass",9500.26
"1559",2013,"Castro",10021.49
"1560",2013,"Chambers",10567.34
"1561",2013,"Cherokee",10240.86
"1562",2013,"Childress",8085.7
"1563",2013,"Clay",10546.45
"1564",2013,"Cochran",11891.99
"1565",2013,"Coke",7358.58
"1566",2013,"Coleman",8652.32
"1567",2013,"Collin",10254.01
"1568",2013,"Collingsworth",15136.46
"1569",2013,"Colorado",10852.02
"1570",2013,"Comal",9042.66
"1571",2013,"Comanche",8739.42
"1572",2013,"Concho",11510.35
"1573",2013,"Cooke",10943.15
"1574",2013,"Coryell",8811.94
"1575",2013,"Cottle",11295.68
"1576",2013,"Crane",12709.41
"1577",2013,"Crockett",7748.44
"1578",2013,"Crosby",10321.83
"1579",2013,"Culberson",14710.64
"1580",2013,"Dallam",10300.7
"1581",2013,"Dallas",11862.61
"1582",2013,"Dawson",10094.97
"1583",2013,"DeWitt",9531.33
"1584",2013,"Deaf Smith",9245.98
"1585",2013,"Delta",10190.99
"1586",2013,"Denton",10551.7
"1587",2013,"Dickens",10124.15
"1588",2013,"Dimmit",11066.82
"1589",2013,"Donley",8652.43
"1590",2013,"Duval",13655.51
"1591",2013,"Eastland",9996.03
"1592",2013,"Ector",9560.32
"1593",2013,"Edwards",8187.01
"1594",2013,"El Paso",9787.82
"1595",2013,"Ellis",10594.88
"1596",2013,"Erath",9009.64
"1597",2013,"Falls",9543.75
"1598",2013,"Fannin",10633.61
"1599",2013,"Fayette",8873.6
"1600",2013,"Fisher",9222.15
"1601",2013,"Floyd",10577.81
"1602",2013,"Foard",10294.52
"1603",2013,"Fort Bend",11010.31
"1604",2013,"Franklin",9410.13
"1605",2013,"Freestone",9650.98
"1606",2013,"Frio",10476.37
"1607",2013,"Gaines",9919.55
"1608",2013,"Galveston",12157.71
"1609",2013,"Garza",9796.74
"1610",2013,"Gillespie",7109.52
"1611",2013,"Glasscock",7042.2
"1612",2013,"Goliad",9612.41
"1613",2013,"Gonzales",9955.81
"1614",2013,"Gray",9783.45
"1615",2013,"Grayson",11080.3
"1616",2013,"Gregg",10365.23
"1617",2013,"Grimes",10233.08
"1618",2013,"Guadalupe",9279.15
"1619",2013,"Hale",10311.94
"1620",2013,"Hall",9155.16
"1621",2013,"Hamilton",9583.15
"1622",2013,"Hansford",9776.34
"1623",2013,"Hardeman",12111.17
"1624",2013,"Hardin",10854.24
"1625",2013,"Harris",12665.37
"1626",2013,"Harrison",10106.89
"1627",2013,"Hartley",10297.82
"1628",2013,"Haskell",9594.98
"1629",2013,"Hays",9602.85
"1630",2013,"Hemphill",7027.29
"1631",2013,"Henderson",10380.83
"1632",2013,"Hidalgo",12409.01
"1633",2013,"Hill",8581.75
"1634",2013,"Hockley",9604.23
"1635",2013,"Hood",9348.59
"1636",2013,"Hopkins",10416.85
"1637",2013,"Houston",9603.88
"1638",2013,"Howard",9058.3
"1639",2013,"Hudspeth",8423.94
"1640",2013,"Hunt",11153.68
"1641",2013,"Hutchinson",10482.83
"1642",2013,"Irion",8338.62
"1643",2013,"Jack",9576.01
"1644",2013,"Jackson",10448.54
"1645",2013,"Jasper",10503.8
"1646",2013,"Jeff Davis",7838.58
"1647",2013,"Jefferson",11313.04
"1648",2013,"Jim Hogg",15555.73
"1649",2013,"Jim Wells",14350.29
"1650",2013,"Johnson",11278.2
"1651",2013,"Jones",9281.8
"1652",2013,"Karnes",10228.3
"1653",2013,"Kaufman",10629.38
"1654",2013,"Kendall",8389.43
"1655",2013,"Kenedy",18412.66
"1656",2013,"Kent",10222.39
"1657",2013,"Kerr",7992.79
"1658",2013,"Kimble",8698.53
"1659",2013,"King",6766.91
"1660",2013,"Kinney",7684.16
"1661",2013,"Kleberg",11447.73
"1662",2013,"Knox",9687.88
"1663",2013,"La Salle",10232.3
"1664",2013,"Lamar",9887.42
"1665",2013,"Lamb",10010.15
"1666",2013,"Lampasas",9921.35
"1667",2013,"Lavaca",10645.72
"1668",2013,"Lee",9597.13
"1669",2013,"Leon",9276.96
"1670",2013,"Liberty",12811.08
"1671",2013,"Limestone",10121.23
"1672",2013,"Lipscomb",8456.98
"1673",2013,"Live Oak",11094.82
"1674",2013,"Llano",8487.62
"1675",2013,"Loving",6070
"1676",2013,"Lubbock",10777.75
"1677",2013,"Lynn",11766.42
"1678",2013,"Madison",11324.22
"1679",2013,"Marion",10959.2
"1680",2013,"Martin",10596.39
"1681",2013,"Mason",8022.69
"1682",2013,"Matagorda",11852.5
"1683",2013,"Maverick",11847.39
"1684",2013,"McCulloch",9571.6
"1685",2013,"McLennan",8589.74
"1686",2013,"McMullen",8722.71
"1687",2013,"Medina",9598.09
"1688",2013,"Menard",8660.62
"1689",2013,"Midland",9261.22
"1690",2013,"Milam",10435.14
"1691",2013,"Mills",8211.79
"1692",2013,"Mitchell",10300.05
"1693",2013,"Montague",9831.47
"1694",2013,"Montgomery",11321.46
"1695",2013,"Moore",8819.03
"1696",2013,"Morris",10397.6
"1697",2013,"Motley",9650.11
"1698",2013,"Nacogdoches",10115.67
"1699",2013,"Navarro",9577.21
"1700",2013,"Newton",10777.75
"1701",2013,"Nolan",9509.1
"1702",2013,"Nueces",10628.24
"1703",2013,"Ochiltree",8598.71
"1704",2013,"Oldham",6626.63
"1705",2013,"Orange",10629.96
"1706",2013,"Palo Pinto",10107.29
"1707",2013,"Panola",10306.8
"1708",2013,"Parker",10480.11
"1709",2013,"Parmer",9097.53
"1710",2013,"Pecos",11614.69
"1711",2013,"Polk",8884.95
"1712",2013,"Potter",9941.83
"1713",2013,"Presidio",6069.92
"1714",2013,"Rains",9905.46
"1715",2013,"Randall",8994.77
"1716",2013,"Reagan",16243.17
"1717",2013,"Real",8707.01
"1718",2013,"Red River",10378.96
"1719",2013,"Reeves",10052.83
"1720",2013,"Refugio",11291.11
"1721",2013,"Roberts",9194.49
"1722",2013,"Robertson",10891.35
"1723",2013,"Rockwall",10121.95
"1724",2013,"Runnels",9799.34
"1725",2013,"Rusk",10475.5
"1726",2013,"Sabine",9981.22
"1727",2013,"San Augustine",10397.55
"1728",2013,"San Jacinto",12256.26
"1729",2013,"San Patricio",10527.93
"1730",2013,"San Saba",8424.86
"1731",2013,"Schleicher",11541.69
"1732",2013,"Scurry",9412.83
"1733",2013,"Shackelford",8915.48
"1734",2013,"Shelby",10265.81
"1735",2013,"Sherman",9386
"1736",2013,"Smith",10552.38
"1737",2013,"Somervell",10730.41
"1738",2013,"Starr",12470.66
"1739",2013,"Stephens",9667.26
"1740",2013,"Sterling",9443.57
"1741",2013,"Stonewall",13657.94
"1742",2013,"Sutton",9311.45
"1743",2013,"Swisher",10081.92
"1744",2013,"Tarrant",11501.17
"1745",2013,"Taylor",9293.17
"1746",2013,"Terrell",9309.02
"1747",2013,"Terry",12090.36
"1748",2013,"Throckmorton",12687.45
"1749",2013,"Titus",10700.98
"1750",2013,"Tom Green",8511.31
"1751",2013,"Travis",9933.67
"1752",2013,"Trinity",11289.16
"1753",2013,"Tyler",10288.79
"1754",2013,"Upshur",10010.71
"1755",2013,"Upton",14082.03
"1756",2013,"Uvalde",10623.44
"1757",2013,"Val Verde",8671.62
"1758",2013,"Van Zandt",9597.49
"1759",2013,"Victoria",9695.11
"1760",2013,"Walker",11681.08
"1761",2013,"Waller",11425.94
"1762",2013,"Ward",8821.83
"1763",2013,"Washington",8535.73
"1764",2013,"Webb",11175.28
"1765",2013,"Wharton",11515.15
"1766",2013,"Wheeler",12674.92
"1767",2013,"Wichita",10574.34
"1768",2013,"Wilbarger",10485.75
"1769",2013,"Willacy",13347.27
"1770",2013,"Williamson",8998.1
"1771",2013,"Wilson",8956.48
"1772",2013,"Winkler",9948.94
"1773",2013,"Wise",10462
"1774",2013,"Wood",9708.89
"1775",2013,"Yoakum",11008.07
"1776",2013,"Young",11163.55
"1777",2013,"Zapata",10493.01
"1778",2013,"Zavala",13063.5
"1779",2014,"Anderson",10726.04
"1780",2014,"Andrews",7976.69
"1781",2014,"Angelina",9991.08
"1782",2014,"Aransas",8586.31
"1783",2014,"Archer",10335.49
"1784",2014,"Armstrong",8342.1
"1785",2014,"Atascosa",10152.84
"1786",2014,"Austin",8654.54
"1787",2014,"Bailey",9607.69
"1788",2014,"Bandera",7953.53
"1789",2014,"Bastrop",9793.12
"1790",2014,"Baylor",11683.4
"1791",2014,"Bee",12526.05
"1792",2014,"Bell",9597.92
"1793",2014,"Bexar",10161
"1794",2014,"Blanco",7455.07
"1795",2014,"Borden",9307.92
"1796",2014,"Bosque",8589.31
"1797",2014,"Bowie",9520.25
"1798",2014,"Brazoria",11469.95
"1799",2014,"Brazos",9593.01
"1800",2014,"Brewster",6174.01
"1801",2014,"Briscoe",9234.64
"1802",2014,"Brooks",13290.82
"1803",2014,"Brown",9191
"1804",2014,"Burleson",9916.88
"1805",2014,"Burnet",9182.71
"1806",2014,"Caldwell",11353.3
"1807",2014,"Calhoun",11012.96
"1808",2014,"Callahan",9330.28
"1809",2014,"Cameron",11644.22
"1810",2014,"Camp",11271.91
"1811",2014,"Carson",10153.62
"1812",2014,"Cass",10299.77
"1813",2014,"Castro",11604.16
"1814",2014,"Chambers",11371.14
"1815",2014,"Cherokee",10796.59
"1816",2014,"Childress",9968.74
"1817",2014,"Clay",10634.55
"1818",2014,"Cochran",11911.84
"1819",2014,"Coke",7993.65
"1820",2014,"Coleman",9170.95
"1821",2014,"Collin",10307.75
"1822",2014,"Collingsworth",15363.43
"1823",2014,"Colorado",10798.88
"1824",2014,"Comal",8648.72
"1825",2014,"Comanche",8567.07
"1826",2014,"Concho",10477.72
"1827",2014,"Cooke",10573.13
"1828",2014,"Coryell",9103.28
"1829",2014,"Cottle",8741.7
"1830",2014,"Crane",12629.96
"1831",2014,"Crockett",7922.15
"1832",2014,"Crosby",11918.1
"1833",2014,"Culberson",13029.99
"1834",2014,"Dallam",11031.23
"1835",2014,"Dallas",12168.36
"1836",2014,"Dawson",9865.72
"1837",2014,"DeWitt",10510.67
"1838",2014,"Deaf Smith",9764.1
"1839",2014,"Delta",10871.79
"1840",2014,"Denton",10629.41
"1841",2014,"Dickens",9022.72
"1842",2014,"Dimmit",11693.74
"1843",2014,"Donley",9553.64
"1844",2014,"Duval",14475.94
"1845",2014,"Eastland",10453.86
"1846",2014,"Ector",9574.87
"1847",2014,"Edwards",8600.27
"1848",2014,"El Paso",10123.55
"1849",2014,"Ellis",10689.62
"1850",2014,"Erath",8802.24
"1851",2014,"Falls",10105.06
"1852",2014,"Fannin",11561.17
"1853",2014,"Fayette",8945.53
"1854",2014,"Fisher",10150.2
"1855",2014,"Floyd",10555.24
"1856",2014,"Foard",11217.46
"1857",2014,"Fort Bend",10896.35
"1858",2014,"Franklin",10289.23
"1859",2014,"Freestone",9629.92
"1860",2014,"Frio",11501.28
"1861",2014,"Gaines",9902.55
"1862",2014,"Galveston",13041.86
"1863",2014,"Garza",10998.23
"1864",2014,"Gillespie",7178.32
"1865",2014,"Glasscock",10026.58
"1866",2014,"Goliad",11460.66
"1867",2014,"Gonzales",9622.73
"1868",2014,"Gray",10326.38
"1869",2014,"Grayson",11541.47
"1870",2014,"Gregg",10591.29
"1871",2014,"Grimes",10770.19
"1872",2014,"Guadalupe",9207.66
"1873",2014,"Hale",10019.84
"1874",2014,"Hall",10945.45
"1875",2014,"Hamilton",8834.42
"1876",2014,"Hansford",10980.29
"1877",2014,"Hardeman",11037.74
"1878",2014,"Hardin",10556.62
"1879",2014,"Harris",12892.63
"1880",2014,"Harrison",10261.11
"1881",2014,"Hartley",9556.85
"1882",2014,"Haskell",10090.82
"1883",2014,"Hays",9429.91
"1884",2014,"Hemphill",7617.5
"1885",2014,"Henderson",10899.5
"1886",2014,"Hidalgo",12196.71
"1887",2014,"Hill",8364.06
"1888",2014,"Hockley",9720.45
"1889",2014,"Hood",9292.84
"1890",2014,"Hopkins",10773.91
"1891",2014,"Houston",9369.95
"1892",2014,"Howard",9472.23
"1893",2014,"Hudspeth",7632.27
"1894",2014,"Hunt",11269.09
"1895",2014,"Hutchinson",10471.09
"1896",2014,"Irion",7659.12
"1897",2014,"Jack",9532.72
"1898",2014,"Jackson",10879.03
"1899",2014,"Jasper",10486.06
"1900",2014,"Jeff Davis",6087.61
"1901",2014,"Jefferson",11545.83
"1902",2014,"Jim Hogg",15977.99
"1903",2014,"Jim Wells",13852.67
"1904",2014,"Johnson",11478.73
"1905",2014,"Jones",9512.59
"1906",2014,"Karnes",10003.33
"1907",2014,"Kaufman",10620.22
"1908",2014,"Kendall",8457.77
"1909",2014,"Kenedy",17101.37
"1910",2014,"Kent",12573.46
"1911",2014,"Kerr",8265.62
"1912",2014,"Kimble",9723.09
"1913",2014,"King",6063.65
"1914",2014,"Kinney",7715.06
"1915",2014,"Kleberg",11371.45
"1916",2014,"Knox",10708.94
"1917",2014,"La Salle",11020.1
"1918",2014,"Lamar",10127.52
"1919",2014,"Lamb",9545.51
"1920",2014,"Lampasas",11365.95
"1921",2014,"Lavaca",10692.46
"1922",2014,"Lee",10290.01
"1923",2014,"Leon",9639.02
"1924",2014,"Liberty",12904.21
"1925",2014,"Limestone",10526.83
"1926",2014,"Lipscomb",7685.11
"1927",2014,"Live Oak",10875.58
"1928",2014,"Llano",8874.66
"1929",2014,"Loving",5787
"1930",2014,"Lubbock",10532.14
"1931",2014,"Lynn",10527.11
"1932",2014,"Madison",11203.85
"1933",2014,"Marion",11097.93
"1934",2014,"Martin",12019.76
"1935",2014,"Mason",6964.47
"1936",2014,"Matagorda",11848.42
"1937",2014,"Maverick",11783.93
"1938",2014,"McCulloch",9424.65
"1939",2014,"McLennan",8650.65
"1940",2014,"McMullen",9595.24
"1941",2014,"Medina",10102.75
"1942",2014,"Menard",9765.62
"1943",2014,"Midland",9096.77
"1944",2014,"Milam",11466.01
"1945",2014,"Mills",8253.82
"1946",2014,"Mitchell",11459.5
"1947",2014,"Montague",10288.85
"1948",2014,"Montgomery",11450.16
"1949",2014,"Moore",9222.33
"1950",2014,"Morris",10188.7
"1951",2014,"Motley",9283
"1952",2014,"Nacogdoches",10780.73
"1953",2014,"Navarro",10368.66
"1954",2014,"Newton",10765.93
"1955",2014,"Nolan",9851.55
"1956",2014,"Nueces",10830.16
"1957",2014,"Ochiltree",8328.11
"1958",2014,"Oldham",8617.54
"1959",2014,"Orange",10906.91
"1960",2014,"Palo Pinto",10619.8
"1961",2014,"Panola",10845.57
"1962",2014,"Parker",10335.68
"1963",2014,"Parmer",10515.83
"1964",2014,"Pecos",11472.76
"1965",2014,"Polk",8911.7
"1966",2014,"Potter",10342.87
"1967",2014,"Presidio",5786.56
"1968",2014,"Rains",10537.35
"1969",2014,"Randall",9073.54
"1970",2014,"Reagan",10014.11
"1971",2014,"Real",9669.01
"1972",2014,"Red River",11038.06
"1973",2014,"Reeves",9391.45
"1974",2014,"Refugio",11555.57
"1975",2014,"Roberts",5837.92
"1976",2014,"Robertson",10193.2
"1977",2014,"Rockwall",10173.07
"1978",2014,"Runnels",10317.91
"1979",2014,"Rusk",10898.2
"1980",2014,"Sabine",10462.44
"1981",2014,"San Augustine",10912.26
"1982",2014,"San Jacinto",12020.43
"1983",2014,"San Patricio",10647.81
"1984",2014,"San Saba",7688.69
"1985",2014,"Schleicher",10187.33
"1986",2014,"Scurry",10271.12
"1987",2014,"Shackelford",9134.55
"1988",2014,"Shelby",9880.05
"1989",2014,"Sherman",8754.58
"1990",2014,"Smith",10732.17
"1991",2014,"Somervell",10157.97
"1992",2014,"Starr",12545.91
"1993",2014,"Stephens",10893.44
"1994",2014,"Sterling",7564.21
"1995",2014,"Stonewall",12888.84
"1996",2014,"Sutton",7938.7
"1997",2014,"Swisher",11586.4
"1998",2014,"Tarrant",11754.49
"1999",2014,"Taylor",9573.43
"2000",2014,"Terrell",7160.93
"2001",2014,"Terry",12119.17
"2002",2014,"Throckmorton",12793
"2003",2014,"Titus",10139.45
"2004",2014,"Tom Green",8790.42
"2005",2014,"Travis",9972.63
"2006",2014,"Trinity",10548.94
"2007",2014,"Tyler",9541.39
"2008",2014,"Upshur",10133.28
"2009",2014,"Upton",9445.81
"2010",2014,"Uvalde",9458.04
"2011",2014,"Val Verde",8296.04
"2012",2014,"Van Zandt",9898.51
"2013",2014,"Victoria",10026.85
"2014",2014,"Walker",11220.68
"2015",2014,"Waller",11296.58
"2016",2014,"Ward",8778.7
"2017",2014,"Washington",8751.97
"2018",2014,"Webb",11419.06
"2019",2014,"Wharton",11657.14
"2020",2014,"Wheeler",13237.17
"2021",2014,"Wichita",11153.82
"2022",2014,"Wilbarger",10130.52
"2023",2014,"Willacy",12555.49
"2024",2014,"Williamson",9099.25
"2025",2014,"Wilson",9064.69
"2026",2014,"Winkler",9200.53
"2027",2014,"Wise",11490.11
"2028",2014,"Wood",9979.44
"2029",2014,"Yoakum",11097.25
"2030",2014,"Young",11593.64
"2031",2014,"Zapata",11250.12
"2032",2014,"Zavala",13359.85
"2033",2015,"Anderson",10726.04
"2034",2015,"Andrews",7976.69
"2035",2015,"Angelina",9991.08
"2036",2015,"Aransas",8586.31
"2037",2015,"Archer",10335.49
"2038",2015,"Armstrong",8342.1
"2039",2015,"Atascosa",10152.84
"2040",2015,"Austin",8654.54
"2041",2015,"Bailey",9607.69
"2042",2015,"Bandera",7953.53
"2043",2015,"Bastrop",9793.12
"2044",2015,"Baylor",11683.4
"2045",2015,"Bee",12526.05
"2046",2015,"Bell",9597.92
"2047",2015,"Bexar",10161
"2048",2015,"Blanco",7455.07
"2049",2015,"Borden",9307.92
"2050",2015,"Bosque",8589.31
"2051",2015,"Bowie",9520.25
"2052",2015,"Brazoria",11469.95
"2053",2015,"Brazos",9593.01
"2054",2015,"Brewster",6174.01
"2055",2015,"Briscoe",9234.64
"2056",2015,"Brooks",13290.82
"2057",2015,"Brown",9191
"2058",2015,"Burleson",9916.88
"2059",2015,"Burnet",9182.71
"2060",2015,"Caldwell",11353.3
"2061",2015,"Calhoun",11012.96
"2062",2015,"Callahan",9330.28
"2063",2015,"Cameron",11644.22
"2064",2015,"Camp",11271.91
"2065",2015,"Carson",10153.62
"2066",2015,"Cass",10299.77
"2067",2015,"Castro",11604.16
"2068",2015,"Chambers",11371.14
"2069",2015,"Cherokee",10796.59
"2070",2015,"Childress",9968.74
"2071",2015,"Clay",10634.55
"2072",2015,"Cochran",11911.84
"2073",2015,"Coke",7993.65
"2074",2015,"Coleman",9170.95
"2075",2015,"Collin",10307.75
"2076",2015,"Collingsworth",15363.43
"2077",2015,"Colorado",10798.88
"2078",2015,"Comal",8648.72
"2079",2015,"Comanche",8567.07
"2080",2015,"Concho",10477.72
"2081",2015,"Cooke",10573.13
"2082",2015,"Coryell",9103.28
"2083",2015,"Cottle",8741.7
"2084",2015,"Crane",12629.96
"2085",2015,"Crockett",7922.15
"2086",2015,"Crosby",11918.1
"2087",2015,"Culberson",13029.99
"2088",2015,"Dallam",11031.23
"2089",2015,"Dallas",12168.36
"2090",2015,"Dawson",9865.72
"2091",2015,"DeWitt",10510.67
"2092",2015,"Deaf Smith",9764.1
"2093",2015,"Delta",10871.79
"2094",2015,"Denton",10629.41
"2095",2015,"Dickens",9022.72
"2096",2015,"Dimmit",11693.74
"2097",2015,"Donley",9553.64
"2098",2015,"Duval",14475.94
"2099",2015,"Eastland",10453.86
"2100",2015,"Ector",9574.87
"2101",2015,"Edwards",8600.27
"2102",2015,"El Paso",10123.55
"2103",2015,"Ellis",10689.62
"2104",2015,"Erath",8802.24
"2105",2015,"Falls",10105.06
"2106",2015,"Fannin",11561.17
"2107",2015,"Fayette",8945.53
"2108",2015,"Fisher",10150.2
"2109",2015,"Floyd",10555.24
"2110",2015,"Foard",11217.46
"2111",2015,"Fort Bend",10896.35
"2112",2015,"Franklin",10289.23
"2113",2015,"Freestone",9629.92
"2114",2015,"Frio",11501.28
"2115",2015,"Gaines",9902.55
"2116",2015,"Galveston",13041.86
"2117",2015,"Garza",10998.23
"2118",2015,"Gillespie",7178.32
"2119",2015,"Glasscock",10026.58
"2120",2015,"Goliad",11460.66
"2121",2015,"Gonzales",9622.73
"2122",2015,"Gray",10326.38
"2123",2015,"Grayson",11541.47
"2124",2015,"Gregg",10591.29
"2125",2015,"Grimes",10770.19
"2126",2015,"Guadalupe",9207.66
"2127",2015,"Hale",10019.84
"2128",2015,"Hall",10945.45
"2129",2015,"Hamilton",8834.42
"2130",2015,"Hansford",10980.29
"2131",2015,"Hardeman",11037.74
"2132",2015,"Hardin",10556.62
"2133",2015,"Harris",12892.63
"2134",2015,"Harrison",10261.11
"2135",2015,"Hartley",9556.85
"2136",2015,"Haskell",10090.82
"2137",2015,"Hays",9429.91
"2138",2015,"Hemphill",7617.5
"2139",2015,"Henderson",10899.5
"2140",2015,"Hidalgo",12196.71
"2141",2015,"Hill",8364.06
"2142",2015,"Hockley",9720.45
"2143",2015,"Hood",9292.84
"2144",2015,"Hopkins",10773.91
"2145",2015,"Houston",9369.95
"2146",2015,"Howard",9472.23
"2147",2015,"Hudspeth",7632.27
"2148",2015,"Hunt",11269.09
"2149",2015,"Hutchinson",10471.09
"2150",2015,"Irion",7659.12
"2151",2015,"Jack",9532.72
"2152",2015,"Jackson",10879.03
"2153",2015,"Jasper",10486.06
"2154",2015,"Jeff Davis",6087.61
"2155",2015,"Jefferson",11545.83
"2156",2015,"Jim Hogg",15977.99
"2157",2015,"Jim Wells",13852.67
"2158",2015,"Johnson",11478.73
"2159",2015,"Jones",9512.59
"2160",2015,"Karnes",10003.33
"2161",2015,"Kaufman",10620.22
"2162",2015,"Kendall",8457.77
"2163",2015,"Kenedy",17101.37
"2164",2015,"Kent",12573.46
"2165",2015,"Kerr",8265.62
"2166",2015,"Kimble",9723.09
"2167",2015,"King",6063.65
"2168",2015,"Kinney",7715.06
"2169",2015,"Kleberg",11371.45
"2170",2015,"Knox",10708.94
"2171",2015,"La Salle",11020.1
"2172",2015,"Lamar",10127.52
"2173",2015,"Lamb",9545.51
"2174",2015,"Lampasas",11365.95
"2175",2015,"Lavaca",10692.46
"2176",2015,"Lee",10290.01
"2177",2015,"Leon",9639.02
"2178",2015,"Liberty",12904.21
"2179",2015,"Limestone",10526.83
"2180",2015,"Lipscomb",7685.11
"2181",2015,"Live Oak",10875.58
"2182",2015,"Llano",8874.66
"2183",2015,"Loving",5787
"2184",2015,"Lubbock",10532.14
"2185",2015,"Lynn",10527.11
"2186",2015,"Madison",11203.85
"2187",2015,"Marion",11097.93
"2188",2015,"Martin",12019.76
"2189",2015,"Mason",6964.47
"2190",2015,"Matagorda",11848.42
"2191",2015,"Maverick",11783.93
"2192",2015,"McCulloch",9424.65
"2193",2015,"McLennan",8650.65
"2194",2015,"McMullen",9595.24
"2195",2015,"Medina",10102.75
"2196",2015,"Menard",9765.62
"2197",2015,"Midland",9096.77
"2198",2015,"Milam",11466.01
"2199",2015,"Mills",8253.82
"2200",2015,"Mitchell",11459.5
"2201",2015,"Montague",10288.85
"2202",2015,"Montgomery",11450.16
"2203",2015,"Moore",9222.33
"2204",2015,"Morris",10188.7
"2205",2015,"Motley",9283
"2206",2015,"Nacogdoches",10780.73
"2207",2015,"Navarro",10368.66
"2208",2015,"Newton",10765.93
"2209",2015,"Nolan",9851.55
"2210",2015,"Nueces",10830.16
"2211",2015,"Ochiltree",8328.11
"2212",2015,"Oldham",8617.54
"2213",2015,"Orange",10906.91
"2214",2015,"Palo Pinto",10619.8
"2215",2015,"Panola",10845.57
"2216",2015,"Parker",10335.68
"2217",2015,"Parmer",10515.83
"2218",2015,"Pecos",11472.76
"2219",2015,"Polk",8911.7
"2220",2015,"Potter",10342.87
"2221",2015,"Presidio",5786.56
"2222",2015,"Rains",10537.35
"2223",2015,"Randall",9073.54
"2224",2015,"Reagan",10014.11
"2225",2015,"Real",9669.01
"2226",2015,"Red River",11038.06
"2227",2015,"Reeves",9391.45
"2228",2015,"Refugio",11555.57
"2229",2015,"Roberts",5837.92
"2230",2015,"Robertson",10193.2
"2231",2015,"Rockwall",10173.07
"2232",2015,"Runnels",10317.91
"2233",2015,"Rusk",10898.2
"2234",2015,"Sabine",10462.44
"2235",2015,"San Augustine",10912.26
"2236",2015,"San Jacinto",12020.43
"2237",2015,"San Patricio",10647.81
"2238",2015,"San Saba",7688.69
"2239",2015,"Schleicher",10187.33
"2240",2015,"Scurry",10271.12
"2241",2015,"Shackelford",9134.55
"2242",2015,"Shelby",9880.05
"2243",2015,"Sherman",8754.58
"2244",2015,"Smith",10732.17
"2245",2015,"Somervell",10157.97
"2246",2015,"Starr",12545.91
"2247",2015,"Stephens",10893.44
"2248",2015,"Sterling",7564.21
"2249",2015,"Stonewall",12888.84
"2250",2015,"Sutton",7938.7
"2251",2015,"Swisher",11586.4
"2252",2015,"Tarrant",11754.49
"2253",2015,"Taylor",9573.43
"2254",2015,"Terrell",7160.93
"2255",2015,"Terry",12119.17
"2256",2015,"Throckmorton",12793
"2257",2015,"Titus",10139.45
"2258",2015,"Tom Green",8790.42
"2259",2015,"Travis",9972.63
"2260",2015,"Trinity",10548.94
"2261",2015,"Tyler",9541.39
"2262",2015,"Upshur",10133.28
"2263",2015,"Upton",9445.81
"2264",2015,"Uvalde",9458.04
"2265",2015,"Val Verde",8296.04
"2266",2015,"Van Zandt",9898.51
"2267",2015,"Victoria",10026.85
"2268",2015,"Walker",11220.68
"2269",2015,"Waller",11296.58
"2270",2015,"Ward",8778.7
"2271",2015,"Washington",8751.97
"2272",2015,"Webb",11419.06
"2273",2015,"Wharton",11657.14
"2274",2015,"Wheeler",13237.17
"2275",2015,"Wichita",11153.82
"2276",2015,"Wilbarger",10130.52
"2277",2015,"Willacy",12555.49
"2278",2015,"Williamson",9099.25
"2279",2015,"Wilson",9064.69
"2280",2015,"Winkler",9200.53
"2281",2015,"Wise",11490.11
"2282",2015,"Wood",9979.44
"2283",2015,"Yoakum",11097.25
"2284",2015,"Young",11593.64
"2285",2015,"Zapata",11250.12
"2286",2015,"Zavala",13359.85
"2287",2016,"Anderson",11252.84
"2288",2016,"Andrews",8052.16
"2289",2016,"Angelina",10214.86
"2290",2016,"Aransas",8300.09
"2291",2016,"Archer",10390.34
"2292",2016,"Armstrong",10317.52
"2293",2016,"Atascosa",10342.43
"2294",2016,"Austin",9250.59
"2295",2016,"Bailey",10664.73
"2296",2016,"Bandera",8922.57
"2297",2016,"Bastrop",10180.83
"2298",2016,"Baylor",11488.43
"2299",2016,"Bee",12575.89
"2300",2016,"Bell",9942.15
"2301",2016,"Bexar",9977.62
"2302",2016,"Blanco",8197.66
"2303",2016,"Borden",7554.91
"2304",2016,"Bosque",8674.71
"2305",2016,"Bowie",9603.93
"2306",2016,"Brazoria",12123.74
"2307",2016,"Brazos",9885.7
"2308",2016,"Brewster",6680.15
"2309",2016,"Briscoe",10001.7
"2310",2016,"Brooks",14189.2
"2311",2016,"Brown",9404.81
"2312",2016,"Burleson",10970.43
"2313",2016,"Burnet",9650.83
"2314",2016,"Caldwell",11875.9
"2315",2016,"Calhoun",10588.31
"2316",2016,"Callahan",10101.75
"2317",2016,"Cameron",11502.44
"2318",2016,"Camp",11166.94
"2319",2016,"Carson",9249.82
"2320",2016,"Cass",10278.93
"2321",2016,"Castro",11327.73
"2322",2016,"Chambers",12121.91
"2323",2016,"Cherokee",10948.51
"2324",2016,"Childress",8371.63
"2325",2016,"Clay",10340.27
"2326",2016,"Cochran",12252.47
"2327",2016,"Coke",9377.74
"2328",2016,"Coleman",9380.66
"2329",2016,"Collin",10669.27
"2330",2016,"Collingsworth",15925.11
"2331",2016,"Colorado",11176.03
"2332",2016,"Comal",9068.41
"2333",2016,"Comanche",9432.31
"2334",2016,"Concho",10119.7
"2335",2016,"Cooke",10749.35
"2336",2016,"Coryell",9432.41
"2337",2016,"Cottle",8336.32
"2338",2016,"Crane",13723.33
"2339",2016,"Crockett",8477.69
"2340",2016,"Crosby",11827.31
"2341",2016,"Culberson",15371.93
"2342",2016,"Dallam",10380.48
"2343",2016,"Dallas",12111.39
"2344",2016,"Dawson",10359.15
"2345",2016,"DeWitt",10442.67
"2346",2016,"Deaf Smith",9000.15
"2347",2016,"Delta",9501.22
"2348",2016,"Denton",10863.72
"2349",2016,"Dickens",10451.83
"2350",2016,"Dimmit",13077.58
"2351",2016,"Donley",9384.31
"2352",2016,"Duval",13241.66
"2353",2016,"Eastland",10352.43
"2354",2016,"Ector",9883.99
"2355",2016,"Edwards",9084.13
"2356",2016,"El Paso",9613.44
"2357",2016,"Ellis",10861.25
"2358",2016,"Erath",9113.92
"2359",2016,"Falls",10469.77
"2360",2016,"Fannin",12319.98
"2361",2016,"Fayette",9644.98
"2362",2016,"Fisher",12091.03
"2363",2016,"Floyd",11872.26
"2364",2016,"Foard",11880.47
"2365",2016,"Fort Bend",11070.47
"2366",2016,"Franklin",10018.72
"2367",2016,"Freestone",10556.61
"2368",2016,"Frio",11144.61
"2369",2016,"Gaines",10980.28
"2370",2016,"Galveston",13165.79
"2371",2016,"Garza",10912.08
"2372",2016,"Gillespie",7400.66
"2373",2016,"Glasscock",11826.15
"2374",2016,"Goliad",11714.95
"2375",2016,"Gonzales",9653.29
"2376",2016,"Gray",10875.59
"2377",2016,"Grayson",11837.99
"2378",2016,"Gregg",10743.84
"2379",2016,"Grimes",10799.39
"2380",2016,"Guadalupe",9451.98
"2381",2016,"Hale",9801.17
"2382",2016,"Hall",8903.72
"2383",2016,"Hamilton",9546.41
"2384",2016,"Hansford",10269.22
"2385",2016,"Hardeman",12283.84
"2386",2016,"Hardin",10699.24
"2387",2016,"Harris",12673.66
"2388",2016,"Harrison",10343.34
"2389",2016,"Hartley",11086.6
"2390",2016,"Haskell",10581.36
"2391",2016,"Hays",9960.37
"2392",2016,"Hemphill",8358.9
"2393",2016,"Henderson",10818.41
"2394",2016,"Hidalgo",11629.32
"2395",2016,"Hill",9268.27
"2396",2016,"Hockley",10781.87
"2397",2016,"Hood",9841.88
"2398",2016,"Hopkins",10466.34
"2399",2016,"Houston",9519.08
"2400",2016,"Howard",10386.09
"2401",2016,"Hudspeth",6660.32
"2402",2016,"Hunt",12127.68
"2403",2016,"Hutchinson",10525.95
"2404",2016,"Irion",7339.52
"2405",2016,"Jack",9938.49
"2406",2016,"Jackson",11201.51
"2407",2016,"Jasper",11235.29
"2408",2016,"Jeff Davis",7605.67
"2409",2016,"Jefferson",11921.38
"2410",2016,"Jim Hogg",16634.55
"2411",2016,"Jim Wells",13464.87
"2412",2016,"Johnson",11700.62
"2413",2016,"Jones",10449.66
"2414",2016,"Karnes",11201.71
"2415",2016,"Kaufman",11104.1
"2416",2016,"Kendall",9090.67
"2417",2016,"Kenedy",17646.48
"2418",2016,"Kent",11122.73
"2419",2016,"Kerr",9007.46
"2420",2016,"Kimble",9042.41
"2421",2016,"King",11302.91
"2422",2016,"Kinney",8997.79
"2423",2016,"Kleberg",12007.87
"2424",2016,"Knox",10499.25
"2425",2016,"La Salle",10275.72
"2426",2016,"Lamar",10983.69
"2427",2016,"Lamb",9762.12
"2428",2016,"Lampasas",14177.67
"2429",2016,"Lavaca",11788.26
"2430",2016,"Lee",10644.84
"2431",2016,"Leon",9816.14
"2432",2016,"Liberty",13362.73
"2433",2016,"Limestone",10309.27
"2434",2016,"Lipscomb",6837.19
"2435",2016,"Live Oak",10315.19
"2436",2016,"Llano",9406.96
"2437",2016,"Loving",5652
"2438",2016,"Lubbock",10776.28
"2439",2016,"Lynn",11215.64
"2440",2016,"Madison",12165.54
"2441",2016,"Marion",11214.69
"2442",2016,"Martin",13657.89
"2443",2016,"Mason",8381.2
"2444",2016,"Matagorda",12858.04
"2445",2016,"Maverick",11993.75
"2446",2016,"McCulloch",9705.36
"2447",2016,"McLennan",9247.22
"2448",2016,"McMullen",8028.92
"2449",2016,"Medina",10200.05
"2450",2016,"Menard",11207.26
"2451",2016,"Midland",9363.87
"2452",2016,"Milam",11307.24
"2453",2016,"Mills",8756.63
"2454",2016,"Mitchell",12081.69
"2455",2016,"Montague",10347.51
"2456",2016,"Montgomery",11642.19
"2457",2016,"Moore",8893.26
"2458",2016,"Morris",10436.15
"2459",2016,"Motley",9530.26
"2460",2016,"Nacogdoches",10301.25
"2461",2016,"Navarro",10098.94
"2462",2016,"Newton",11295.2
"2463",2016,"Nolan",10591.45
"2464",2016,"Nueces",11124.52
"2465",2016,"Ochiltree",8836.99
"2466",2016,"Oldham",7032.07
"2467",2016,"Orange",11051.8
"2468",2016,"Palo Pinto",11015.49
"2469",2016,"Panola",11190.61
"2470",2016,"Parker",10837.56
"2471",2016,"Parmer",10257.51
"2472",2016,"Pecos",9854.98
"2473",2016,"Polk",9028.76
"2474",2016,"Potter",10378.47
"2475",2016,"Presidio",5651.86
"2476",2016,"Rains",10861.6
"2477",2016,"Randall",9106.06
"2478",2016,"Reagan",12065.77
"2479",2016,"Real",9482.54
"2480",2016,"Red River",10563.74
"2481",2016,"Reeves",8401.35
"2482",2016,"Refugio",11785.25
"2483",2016,"Roberts",8253.35
"2484",2016,"Robertson",11659.98
"2485",2016,"Rockwall",10318.64
"2486",2016,"Runnels",10707.15
"2487",2016,"Rusk",11411.2
"2488",2016,"Sabine",11536.16
"2489",2016,"San Augustine",10797.9
"2490",2016,"San Jacinto",12795.4
"2491",2016,"San Patricio",10718.38
"2492",2016,"San Saba",8900.24
"2493",2016,"Schleicher",13343.31
"2494",2016,"Scurry",10213.86
"2495",2016,"Shackelford",8945.93
"2496",2016,"Shelby",10482.83
"2497",2016,"Sherman",6593.72
"2498",2016,"Smith",10807.69
"2499",2016,"Somervell",10515.43
"2500",2016,"Starr",12224.58
"2501",2016,"Stephens",9819.09
"2502",2016,"Sterling",8126.41
"2503",2016,"Stonewall",13713.65
"2504",2016,"Sutton",10902.18
"2505",2016,"Swisher",10332.05
"2506",2016,"Tarrant",11725.6
"2507",2016,"Taylor",9843.6
"2508",2016,"Terrell",7919.29
"2509",2016,"Terry",11353.76
"2510",2016,"Throckmorton",13611.43
"2511",2016,"Titus",9867.92
"2512",2016,"Tom Green",9353.35
"2513",2016,"Travis",10258.43
"2514",2016,"Trinity",10740.84
"2515",2016,"Tyler",10266.17
"2516",2016,"Upshur",10819.13
"2517",2016,"Upton",12585.61
"2518",2016,"Uvalde",9126.24
"2519",2016,"Val Verde",8747.02
"2520",2016,"Van Zandt",10213.12
"2521",2016,"Victoria",11038.76
"2522",2016,"Walker",11742.04
"2523",2016,"Waller",11652.16
"2524",2016,"Ward",10516
"2525",2016,"Washington",9149.87
"2526",2016,"Webb",11805.43
"2527",2016,"Wharton",12614.83
"2528",2016,"Wheeler",12592.18
"2529",2016,"Wichita",11445.77
"2530",2016,"Wilbarger",11687.57
"2531",2016,"Willacy",12717
"2532",2016,"Williamson",9574.73
"2533",2016,"Wilson",9440.87
"2534",2016,"Winkler",9973.07
"2535",2016,"Wise",11659.79
"2536",2016,"Wood",10036.4
"2537",2016,"Yoakum",10526.05
"2538",2016,"Young",11559.59
"2539",2016,"Zapata",12696.29
"2540",2016,"Zavala",14217.02
"2541",2017,"Anderson",10521.86
"2542",2017,"Andrews",8621.85
"2543",2017,"Angelina",10342.59
"2544",2017,"Aransas",9116.71
"2545",2017,"Archer",10641.71
"2546",2017,"Armstrong",10035.95
"2547",2017,"Atascosa",10930.37
"2548",2017,"Austin",9387.59
"2549",2017,"Bailey",11667.77
"2550",2017,"Bandera",8385.81
"2551",2017,"Bastrop",10474.73
"2552",2017,"Baylor",11433.67
"2553",2017,"Bee",12116.2
"2554",2017,"Bell",9834.53
"2555",2017,"Bexar",10062.59
"2556",2017,"Blanco",7882.02
"2557",2017,"Borden",7459.79
"2558",2017,"Bosque",8891.73
"2559",2017,"Bowie",9903.23
"2560",2017,"Brazoria",12170.74
"2561",2017,"Brazos",10202.28
"2562",2017,"Brewster",6977.78
"2563",2017,"Briscoe",7567.22
"2564",2017,"Brooks",14510.39
"2565",2017,"Brown",9732.37
"2566",2017,"Burleson",10321.84
"2567",2017,"Burnet",9743.33
"2568",2017,"Caldwell",11948.5
"2569",2017,"Calhoun",11198.58
"2570",2017,"Callahan",10410.1
"2571",2017,"Cameron",11430.3
"2572",2017,"Camp",10721.18
"2573",2017,"Carson",9521.2
"2574",2017,"Cass",10305.99
"2575",2017,"Castro",11215.61
"2576",2017,"Chambers",12286.55
"2577",2017,"Cherokee",10571.72
"2578",2017,"Childress",8434.19
"2579",2017,"Clay",11301.23
"2580",2017,"Cochran",9917.07
"2581",2017,"Coke",9677.58
"2582",2017,"Coleman",9962.74
"2583",2017,"Collin",10769.88
"2584",2017,"Collingsworth",16516.92
"2585",2017,"Colorado",11960.87
"2586",2017,"Comal",9368.01
"2587",2017,"Comanche",9274.89
"2588",2017,"Concho",11835.03
"2589",2017,"Cooke",11047.26
"2590",2017,"Coryell",9483.19
"2591",2017,"Cottle",9167.15
"2592",2017,"Crane",12754.26
"2593",2017,"Crockett",10041.46
"2594",2017,"Crosby",13134.07
"2595",2017,"Culberson",15987.72
"2596",2017,"Dallam",10222.7
"2597",2017,"Dallas",12339.06
"2598",2017,"Dawson",10415.31
"2599",2017,"DeWitt",10637.52
"2600",2017,"Deaf Smith",9202.97
"2601",2017,"Delta",9508.74
"2602",2017,"Denton",10824.63
"2603",2017,"Dickens",11231.61
"2604",2017,"Dimmit",11786.84
"2605",2017,"Donley",9196.25
"2606",2017,"Duval",14220.56
"2607",2017,"Eastland",11289.04
"2608",2017,"Ector",10264.5
"2609",2017,"Edwards",7427.9
"2610",2017,"El Paso",9812
"2611",2017,"Ellis",11121.78
"2612",2017,"Erath",9639.54
"2613",2017,"Falls",11040.66
"2614",2017,"Fannin",11885.24
"2615",2017,"Fayette",10239.12
"2616",2017,"Fisher",11297.74
"2617",2017,"Floyd",10746.89
"2618",2017,"Foard",11721.33
"2619",2017,"Fort Bend",11177.13
"2620",2017,"Franklin",9898.47
"2621",2017,"Freestone",10114.23
"2622",2017,"Frio",10917.79
"2623",2017,"Gaines",10493.46
"2624",2017,"Galveston",13388.63
"2625",2017,"Garza",8831.21
"2626",2017,"Gillespie",7665.92
"2627",2017,"Glasscock",10352.53
"2628",2017,"Goliad",10775.35
"2629",2017,"Gonzales",9990.95
"2630",2017,"Gray",11383.84
"2631",2017,"Grayson",12101.97
"2632",2017,"Gregg",10790.42
"2633",2017,"Grimes",10660
"2634",2017,"Guadalupe",9745.77
"2635",2017,"Hale",10221.06
"2636",2017,"Hall",7634.51
"2637",2017,"Hamilton",9375.24
"2638",2017,"Hansford",12393.01
"2639",2017,"Hardeman",12372.98
"2640",2017,"Hardin",10886.19
"2641",2017,"Harris",12813.84
"2642",2017,"Harrison",10135.59
"2643",2017,"Hartley",10976.07
"2644",2017,"Haskell",10882.42
"2645",2017,"Hays",10136.9
"2646",2017,"Hemphill",7448.59
"2647",2017,"Henderson",10412.96
"2648",2017,"Hidalgo",12092.59
"2649",2017,"Hill",9058.77
"2650",2017,"Hockley",10155.6
"2651",2017,"Hood",9983.73
"2652",2017,"Hopkins",10513.9
"2653",2017,"Houston",9729.27
"2654",2017,"Howard",10197.29
"2655",2017,"Hudspeth",6960.82
"2656",2017,"Hunt",12719.07
"2657",2017,"Hutchinson",10458.29
"2658",2017,"Irion",8616.07
"2659",2017,"Jack",11128.9
"2660",2017,"Jackson",10969.51
"2661",2017,"Jasper",10944.43
"2662",2017,"Jeff Davis",5897.2
"2663",2017,"Jefferson",11677.04
"2664",2017,"Jim Hogg",15795.31
"2665",2017,"Jim Wells",13811.23
"2666",2017,"Johnson",11885.92
"2667",2017,"Jones",11099
"2668",2017,"Karnes",12240.02
"2669",2017,"Kaufman",11617.07
"2670",2017,"Kendall",8708
"2671",2017,"Kenedy",18941.42
"2672",2017,"Kent",10025.02
"2673",2017,"Kerr",9249.24
"2674",2017,"Kimble",12723.35
"2675",2017,"King",20874.88
"2676",2017,"Kinney",7677.84
"2677",2017,"Kleberg",12118.55
"2678",2017,"Knox",11534.73
"2679",2017,"La Salle",10458.42
"2680",2017,"Lamar",10804.8
"2681",2017,"Lamb",9198.81
"2682",2017,"Lampasas",12376.72
"2683",2017,"Lavaca",11097.05
"2684",2017,"Lee",11629.01
"2685",2017,"Leon",9585.81
"2686",2017,"Liberty",13349.56
"2687",2017,"Limestone",10647.55
"2688",2017,"Lipscomb",8311.13
"2689",2017,"Live Oak",9662.34
"2690",2017,"Llano",9394.45
"2691",2017,"Loving",6070
"2692",2017,"Lubbock",10705.06
"2693",2017,"Lynn",12686.52
"2694",2017,"Madison",11786.6
"2695",2017,"Marion",10752.07
"2696",2017,"Martin",12798.72
"2697",2017,"Mason",7379.66
"2698",2017,"Matagorda",12541.27
"2699",2017,"Maverick",11252.05
"2700",2017,"McCulloch",10786.93
"2701",2017,"McLennan",9256.61
"2702",2017,"McMullen",7621.97
"2703",2017,"Medina",10107.51
"2704",2017,"Menard",8313.2
"2705",2017,"Midland",9034.43
"2706",2017,"Milam",11349
"2707",2017,"Mills",8892.89
"2708",2017,"Mitchell",10681.23
"2709",2017,"Montague",10129.11
"2710",2017,"Montgomery",11299.35
"2711",2017,"Moore",9485.78
"2712",2017,"Morris",10696.83
"2713",2017,"Motley",12053.51
"2714",2017,"Nacogdoches",10757.54
"2715",2017,"Navarro",11069.04
"2716",2017,"Newton",10889.83
"2717",2017,"Nolan",10606.7
"2718",2017,"Nueces",10967.82
"2719",2017,"Ochiltree",8886.72
"2720",2017,"Oldham",7825.4
"2721",2017,"Orange",11494.56
"2722",2017,"Palo Pinto",11327.22
"2723",2017,"Panola",11464.17
"2724",2017,"Parker",11553.04
"2725",2017,"Parmer",10967.92
"2726",2017,"Pecos",10647.46
"2727",2017,"Polk",8856.67
"2728",2017,"Potter",10240.32
"2729",2017,"Presidio",5835.28
"2730",2017,"Rains",10164.83
"2731",2017,"Randall",9315.67
"2732",2017,"Reagan",12890.92
"2733",2017,"Real",8535.27
"2734",2017,"Red River",10714.08
"2735",2017,"Reeves",9832.77
"2736",2017,"Refugio",12290.83
"2737",2017,"Roberts",6607.88
"2738",2017,"Robertson",11257.46
"2739",2017,"Rockwall",10835.05
"2740",2017,"Runnels",11517.06
"2741",2017,"Rusk",11533.08
"2742",2017,"Sabine",11051.43
"2743",2017,"San Augustine",10417.82
"2744",2017,"San Jacinto",11723.64
"2745",2017,"San Patricio",10434.91
"2746",2017,"San Saba",9918.52
"2747",2017,"Schleicher",13061.5
"2748",2017,"Scurry",10628.44
"2749",2017,"Shackelford",9474.11
"2750",2017,"Shelby",10321.46
"2751",2017,"Sherman",8075.01
"2752",2017,"Smith",10881.34
"2753",2017,"Somervell",10900.78
"2754",2017,"Starr",12597.92
"2755",2017,"Stephens",10891.99
"2756",2017,"Sterling",9950.65
"2757",2017,"Stonewall",13460.98
"2758",2017,"Sutton",12197.47
"2759",2017,"Swisher",11589.33
"2760",2017,"Tarrant",11999.79
"2761",2017,"Taylor",10464.15
"2762",2017,"Terrell",5947.07
"2763",2017,"Terry",10555.66
"2764",2017,"Throckmorton",13474.93
"2765",2017,"Titus",10099.75
"2766",2017,"Tom Green",9897.75
"2767",2017,"Travis",10202.49
"2768",2017,"Trinity",10138.98
"2769",2017,"Tyler",11150.42
"2770",2017,"Upshur",10637.01
"2771",2017,"Upton",18023.04
"2772",2017,"Uvalde",10617.33
"2773",2017,"Val Verde",9219.11
"2774",2017,"Van Zandt",10552.76
"2775",2017,"Victoria",11228.77
"2776",2017,"Walker",12051.84
"2777",2017,"Waller",11310.21
"2778",2017,"Ward",10643.21
"2779",2017,"Washington",9913.18
"2780",2017,"Webb",11648.54
"2781",2017,"Wharton",12476.23
"2782",2017,"Wheeler",12957.16
"2783",2017,"Wichita",11917.14
"2784",2017,"Wilbarger",13061.56
"2785",2017,"Willacy",13359.39
"2786",2017,"Williamson",9695.57
"2787",2017,"Wilson",9139.25
"2788",2017,"Winkler",10396.89
"2789",2017,"Wise",11850.77
"2790",2017,"Wood",9928.72
"2791",2017,"Yoakum",10242.57
"2792",2017,"Young",11730.17
"2793",2017,"Zapata",12187.84
"2794",2017,"Zavala",12881.93
